count,cpu_memory_usage,cpu_time_total_us,device_memory_usage,device_time_total_us,input_shapes,key,self_cpu_time_total_us,self_device_time_total_us,stack
1,0,831410.197,0,0,"""""",threading.py(1032): _bootstrap,1.5100000000093132,0,
1,0,831408.687,0,0,"""""",threading.py(1075): _bootstrap_inner,3.0429999999469146,0,
1,0,831405.6440000001,0,0,"""""",tqdm/_monitor.py(69): run,1.0080000000307336,0,
1,0,831404.636,0,0,"""""",threading.py(655): wait,2.2630000000353903,0,
1,0,831402.373,0,0,"""""",threading.py(359): wait,831402.373,0,
1,0,831393.304,0,66829.80000002924,"""""",torch_profiler_generate_trace.py(921): <module>,3.555999999982305,0.0,
1,0,831389.748,0,66829.80000002924,"""""",torch_profiler_generate_trace.py(820): main,-45.41400000010617,0.0,
1,0,139.039,0,0,"""""",torch/profiler/profiler.py(927): __enter__,0.8269999999999982,0,
1,0,138.212,0,0,"""""",torch/profiler/profiler.py(937): start,2.570999999999998,0,
1,0,135.641,0,0,"""""",torch/profiler/profiler.py(993): _transit_action,1.778999999999968,0,
1,0,133.86200000000002,0,0,"""""",torch/profiler/profiler.py(284): start_trace,28.450000000000017,0,
1,0,71.39099999999999,0,0,"""""",torch/autograd/profiler.py(405): _start_trace,67.99799999999999,0,
2,0,4.306999999989756,0,0,"""""",<built-in function perf_counter_ns>,4.306999999989756,0,
3,0,12.811999999999983,0,0,"""""",torch/profiler/profiler.py(433): add_metadata_json,8.810999999999979,0,
3,0,4.001000000000005,0,0,"""""",<built-in method _add_metadata_json of pybind11_builtins.pybind11_detail_function_record_v1_system_libstdcpp_gxx_abi_1xxx_use_cxx11_abi_1 object at 0x7147ab1fecb0>,4.001000000000005,0,
1,0,0.8199999999999932,0,0,"""""",<built-in method kineto_available of pybind11_builtins.pybind11_detail_function_record_v1_system_libstdcpp_gxx_abi_1xxx_use_cxx11_abi_1 object at 0x7147ab1fecf0>,0.8199999999999932,0,
1,0,18.021000000000015,0,0,"""""",torch/profiler/profiler.py(448): _get_distributed_info,8.523000000000025,0,
1,0,3.850999999999999,0,0,"""""",torch/distributed/__init__.py(17): is_available,2.673000000000002,0,
296,0,197.82499999915453,0,0,"""""",<built-in function hasattr>,197.82499999915453,0,
1,0,5.646999999999991,0,0,"""""",torch/distributed/distributed_c10d.py(1350): is_initialized,3.809999999999974,0,
1,0,1.8370000000000175,0,0,"""""",torch/distributed/distributed_c10d.py(773): WORLD,1.467000000000013,0,
1,0,0.37000000000000455,0,0,"""""",torch/distributed/distributed_c10d.py(644): default_pg,0.37000000000000455,0,
1451,0,524.0779999993425,0,0,"""""",<built-in function getattr>,497.58999999941227,0,
50,0,12.594999999853997,0,0,"""""",<built-in method items of dict object at 0x71477c568580>,12.594999999853997,0,
124,0,515.5330000009382,0,0,"""""",contextlib.py(299): helper,207.09600000032566,0,
124,0,308.4370000006125,0,0,"""""",contextlib.py(104): __init__,254.9610000012837,0,
124,0,3946.5779999999986,0,0,"""""",contextlib.py(132): __enter__,119.09799999951963,0,
261,0,9891.381999999783,0,0,"""""",<built-in function next>,361.54100000052904,0,
124,0,3721.9069999995963,0,0,"""""",torch_profiler_generate_trace.py(126): record_scope,315.29100000082974,0,
124,0,736.2259999991927,0,0,"""""",torch/autograd/profiler.py(859): __init__,314.57900000051745,0,
126,0,522.2889999994658,0,0,"""""",typing.py(392): inner,200.89799999946575,0,
2,0,318.327,0,0,"""""",typing.py(515): __getitem__,4.16399999999993,0,
1,0,201.96800000000002,0,0,"""""",typing.py(747): Optional,8.928000000000054,0,
1,0,0.5380000000000109,0,0,"""""",typing.py(494): __repr__,0.5380000000000109,0,
7,0,221.35300000000007,0,0,"""""",typing.py(175): _type_check,45.845999999997275,0,
7,0,148.62999999999948,0,0,"""""",typing.py(166): _type_convert,13.830999999999108,0,
2198,0,1572.9570000007868,0,0,"""""",<built-in function isinstance>,859.8780000008326,0,
5,0,133.50599999999986,0,0,"""""",typing.py(892): __init__,11.93800000000033,0,
502,0,113.22900000005342,0,0,"""""",<built-in method startswith of str object at 0x7147ab12d890>,113.22900000005342,0,
5,0,118.65099999999956,0,0,"""""",<built-in function compile>,118.65099999999956,0,
49,0,24.249000000002184,0,0,"""""",typing.py(962): __eq__,12.431000000004701,0,
2,0,3.709000000000003,0,0,"""""",typing.py(971): __hash__,3.065999999999974,0,
3,0,0.9649999999273859,0,0,"""""",<built-in function hash>,0.9649999999273859,0,
1,0,112.19500000000005,0,0,"""""",typing.py(694): Union,20.266999999999996,0,
3,0,15.549000000000035,0,0,"""""",typing.py(730): <genexpr>,2.2730000000000246,0,
1,0,14.041000000000054,0,0,"""""",typing.py(345): _remove_dups_flatten,7.537000000000035,0,
1988,0,377.006000000031,0,0,"""""",<built-in method append of list object at 0x71477c56a800>,377.006000000031,0,
1,0,5.287000000000035,0,0,"""""",typing.py(317): _deduplicate,2.576000000000022,0,
1,0,2.7110000000000127,0,0,"""""",<built-in method fromkeys of type object at 0x5a26c6b79540>,2.066000000000031,0,
318,0,98.63499999954513,0,0,"""""",<built-in function len>,97.0479999996038,0,
1,0,61.00199999999995,0,0,"""""",typing.py(1269): __init__,13.757999999999925,0,
1,0,17.798000000000002,0,0,"""""",typing.py(1174): __init__,4.338999999999999,0,
6,0,17.795999999999992,0,0,"""""",typing.py(1215): __setattr__,9.48900000000009,0,
6,0,8.306999999999903,0,0,"""""",typing.py(1161): _is_dunder,5.031999999999812,0,
45,0,27.022000000030573,0,0,"""""",<built-in method endswith of str object at 0x5a26c6b93118>,27.022000000030573,0,
3,0,0.8020000000000209,0,0,"""""",typing.py(1273): <genexpr>,0.8020000000000209,0,
1,0,24.15500000000003,0,0,"""""",typing_extensions.py(3228): _collect_parameters,8.414999999999964,0,
1,0,8.756000000000029,0,0,"""""",typing_extensions.py(3143): _has_generic_or_protocol_as_origin,7.569999999999993,0,
1,0,0.37000000000000455,0,0,"""""",<built-in function _getframe>,0.37000000000000455,0,
1322,0,304.28299999966134,0,0,"""""",<built-in method get of dict object at 0x7149e2d37500>,302.399999999747,0,
1,0,5.537000000000035,0,0,"""""",typing_extensions.py(3165): _is_unpacked_typevartuple,1.9740000000000464,0,
1,0,3.562999999999988,0,0,"""""",typing.py(2344): get_origin,2.913000000000011,0,
124,0,24.22699999920883,0,0,"""""",torch/jit/__init__.py(129): annotate,24.22699999920883,0,
124,0,2670.389999999574,0,0,"""""",torch/autograd/profiler.py(872): __enter__,336.64099999935263,0,
124,0,2333.749000000221,0,0,"""""",torch/_ops.py(1263): __call__,98.90800000089394,0,
124,0,2234.8409999993273,0,0,"""""",<built-in method _record_function_enter_new of pybind11_builtins.pybind11_detail_function_record_v1_system_libstdcpp_gxx_abi_1xxx_use_cxx11_abi_1 object at 0x7147aacb6930>,2234.8409999993273,0,
1,0,830693.859,0,66829.80000002924,"""""",profile.request,98.7510000000475,0.0,
1,0,830595.108,0,66829.80000002924,"""""",torch_profiler_generate_trace.py(347): run_request,-250.7909999997355,0.0,
1,0,1776.2710000000002,0,0,"""""",profile.build_prompt_tokenize,96.53800000000001,0,
1,0,49.182000000000016,0,0,"""""",torch_profiler_generate_trace.py(164): build_prompt,26.013999999999896,0,
1,0,8.641000000000076,0,0,"""""",llava/conversation.py(180): copy,7.52800000000002,0,
5,0,239.02099999993766,0,0,"""""",<string>(2): __init__,32.235000000090395,0,
2,0,2.8500000000000227,0,0,"""""",llava/conversation.py(109): append_message,2.298000000000002,0,
1,0,11.677000000000021,0,0,"""""",llava/conversation.py(32): get_prompt,11.427000000000021,0,
1,0,1490.309,0,0,"""""",llava/mm_utils.py(185): tokenizer_image_token,27.32600000000025,0,
484,0,148.6959999999608,0,0,"""""",<built-in method split of str object at 0x7146fb61e530>,148.6959999999608,0,
2,0,1303.1170000000002,0,0,"""""",transformers/tokenization_utils_base.py(2729): __call__,24.94700000000023,0,
18,0,14.512999999953877,0,0,"""""",<built-in method update of dict object at 0x7146fb552040>,14.512999999953877,0,
4,0,0.9049999999999727,0,0,"""""",transformers/tokenization_utils_base.py(3848): _switch_to_input_mode,0.9049999999999727,0,
2,0,1276.2939999999999,0,0,"""""",transformers/tokenization_utils_base.py(2818): _call_one,16.291000000000054,0,
2,0,2.546999999999912,0,0,"""""",transformers/tokenization_utils_base.py(2840): _is_valid_text_input,2.182999999999879,0,
2,0,1256.883,0,0,"""""",transformers/tokenization_utils_base.py(2930): encode_plus,19.72900000000027,0,
6,0,52.95699999999965,0,0,"""""",transformers/tokenization_utils_base.py(2591): _get_padding_truncation_strategies,34.87899999999922,0,
31,0,10.077000000076737,0,0,"""""",<built-in method pop of dict object at 0x7146fb5515c0>,10.077000000076737,0,
2,0,1227.818,0,0,"""""",transformers/tokenization_utils.py(663): _encode_plus,23.001999999999953,0,
2,0,885.2529999999999,0,0,"""""",transformers/tokenization_utils.py(684): get_input_ids,9.05700000000013,0,
2,0,695.0539999999999,0,0,"""""",transformers/models/llama/tokenization_llama.py(240): tokenize,20.164999999999623,0,
17,0,6.2350000000254795,0,0,"""""",<built-in method replace of str object at 0x7146fb5329a0>,6.2350000000254795,0,
2,0,634.892,0,0,"""""",transformers/tokenization_utils.py(541): tokenize,37.66899999999987,0,
2,0,0.3930000000000291,0,0,"""""",transformers/tokenization_utils.py(891): prepare_for_tokenization,0.3930000000000291,0,
6,0,3.172999999982835,0,0,"""""",<built-in method keys of dict object at 0x714782662e40>,3.172999999982835,0,
2,0,174.81999999999994,0,0,"""""",transformers/tokenization_utils.py(93): split,136.66999999999882,0,
210,0,32.03499999988378,0,0,"""""",<built-in method items of collections.OrderedDict object at 0x71477c582bc0>,32.03499999988378,0,
2,0,7.663999999999987,0,0,"""""",transformers/tokenization_utils.py(246): cut_text,6.245000000000118,0,
2,0,418.44399999999996,0,0,"""""",transformers/models/llama/tokenization_llama.py(255): _tokenize,24.3570000000002,0,
8,0,368.2450000000001,0,0,"""""",sentencepiece/__init__.py(471): Encode,26.001999999999725,0,
4,0,324.7370000000001,0,0,"""""",sentencepiece/__init__.py(321): _EncodeAsPieces,5.6179999999998245,0,
4,0,319.11900000000026,0,0,"""""",<built-in function SentencePieceProcessor__EncodeAsPieces>,319.11900000000026,0,
6,0,15.805000000000291,0,0,"""""",transformers/tokenization_utils_base.py(1049): unk_token,15.805000000000291,0,
4,0,41.707999999999856,0,0,"""""",transformers/models/llama/tokenization_llama.py(195): unk_token_length,7.868999999999687,0,
4,0,17.506000000000313,0,0,"""""",sentencepiece/__init__.py(318): _EncodeAsIds,3.7670000000000528,0,
4,0,13.73900000000026,0,0,"""""",<built-in function SentencePieceProcessor__EncodeAsIds>,13.73900000000026,0,
37,0,12.659999999820911,0,0,"""""",<built-in method extend of list object at 0x7146fb52be40>,12.659999999820911,0,
12,0,206.72600000002376,0,0,"""""",transformers/tokenization_utils.py(630): convert_tokens_to_ids,51.32399999994914,0,
63,0,143.18399999998564,0,0,"""""",transformers/tokenization_utils.py(652): _convert_token_to_id_with_added_voc,32.920999999984815,0,
47,0,110.26300000000083,0,0,"""""",transformers/models/llama/tokenization_llama.py(274): _convert_token_to_id,20.419000000001233,0,
48,0,110.15700000008155,0,0,"""""",sentencepiece/__init__.py(1179): _batched_func,28.225000000052205,0,
48,0,81.93200000002935,0,0,"""""",sentencepiece/__init__.py(1174): _func,28.10900000003039,0,
47,0,38.322999999998956,0,0,"""""",sentencepiece/__init__.py(279): PieceToId,18.346999999998843,0,
47,0,19.976000000000113,0,0,"""""",<built-in function SentencePieceProcessor_PieceToId>,19.976000000000113,0,
6,0,7.607000000000198,0,0,"""""",enum.py(202): __get__,5.418999999999869,0,
6,0,2.1880000000003292,0,0,"""""",enum.py(1291): value,2.1880000000003292,0,
2,0,313.8670000000002,0,0,"""""",transformers/tokenization_utils_base.py(3342): prepare_for_model,49.24399999999969,0,
26,0,43.0720000000988,0,0,"""""",enum.py(720): __call__,33.0340000001861,0,
26,0,10.0379999999127,0,0,"""""",enum.py(1128): __new__,10.0379999999127,0,
2,0,19.674999999999955,0,0,"""""",transformers/tokenization_utils.py(518): num_special_tokens_to_add,4.116999999999962,0,
4,0,23.59400000000028,0,0,"""""",transformers/models/llama/tokenization_llama.py(333): build_inputs_with_special_tokens,7.940000000000055,0,
7,0,23.408000000000584,0,0,"""""",transformers/tokenization_utils_base.py(1165): bos_token_id,8.888000000001057,0,
7,0,5.098999999999933,0,0,"""""",transformers/tokenization_utils_base.py(1027): bos_token,5.098999999999933,0,
2,0,10.028999999999996,0,0,"""""",transformers/models/llama/tokenization_llama.py(381): create_token_type_ids_from_sequences,5.070999999999913,0,
2,0,2.27800000000002,0,0,"""""",transformers/tokenization_utils_base.py(3828): _eventual_warn_about_too_long_sequence,1.9890000000000327,0,
2,0,155.34000000000015,0,0,"""""",transformers/tokenization_utils_base.py(3129): pad,60.597999999999956,0,
17,0,90.12600000008388,0,0,"""""",<frozen abc>(117): __instancecheck__,9.574000000055094,0,
17,0,80.55200000002878,0,0,"""""",<built-in function _abc_instancecheck>,25.427999999989424,0,
13,0,85.73200000006477,0,0,"""""",<frozen abc>(121): __subclasscheck__,5.639000000084707,0,
13,0,80.09299999998007,0,0,"""""",<built-in function _abc_subclasscheck>,46.1379999999715,0,
1,0,5.461999999999989,0,0,"""""",<frozen _collections_abc>(407): __subclasshook__,3.0119999999999436,0,
3,0,6.1850000000060845,0,0,"""""",<frozen _collections_abc>(104): _check_methods,6.1850000000060845,0,
2,0,5.669999999999845,0,0,"""""",transformers/tokenization_utils_base.py(3602): _pad,5.314000000000078,0,
4,0,88.24000000000069,0,0,"""""",transformers/tokenization_utils_base.py(203): __init__,25.002000000000862,0,
5,0,74.3619999999969,0,0,"""""",collections/__init__.py(1120): __init__,11.907999999994445,0,
5,0,62.45400000000245,0,0,"""""",<frozen _collections_abc>(974): update,27.131999999999607,0,
7,0,1.7789999999897645,0,0,"""""",<frozen _collections_abc>(435): __subclasshook__,1.7789999999897645,0,
10,0,4.3370000000118125,0,0,"""""",collections/__init__.py(1137): __setitem__,4.3370000000118125,0,
4,0,0.6109999999998763,0,0,"""""",transformers/tokenization_utils_base.py(680): convert_to_tensors,0.6109999999998763,0,
2,0,3.130000000000109,0,0,"""""",collections/__init__.py(1143): __iter__,2.57300000000032,0,
11,0,5.955000000029941,0,0,"""""",<built-in function iter>,5.955000000029941,0,
4,0,3.0460000000002765,0,0,"""""",transformers/tokenization_utils_base.py(242): __getitem__,2.484000000000151,0,
2,0,0.7269999999998618,0,0,"""""",transformers/tokenization_utils_base.py(264): __getattr__,0.7269999999998618,0,
6,0,172.03299999994874,0,0,"""""",transformers/tokenization_utils_base.py(1334): all_special_tokens,16.491999999982227,0,
6,0,155.54099999996652,0,0,"""""",transformers/tokenization_utils_base.py(1313): all_special_tokens_extended,74.62099999955763,0,
6,0,49.81500000004826,0,0,"""""",transformers/tokenization_utils_base.py(1297): special_tokens_map_extended,23.567000000165535,0,
16,0,7.37900000023501,0,0,"""""",<built-in method values of dict object at 0x7146fb552cc0>,7.37900000023501,0,
24,0,15.570000000039045,0,0,"""""",<built-in method update of set object at 0x7146fb523840>,15.570000000039045,0,
1,0,4.25,0,0,"""""",llava/mm_utils.py(188): insert_separator,4.114000000000033,0,
3,0,570.3710000000005,0,0,"""""",<built-in method tensor of type object at 0x71495b359d60>,227.5049999999278,0,
351,0,2001.86100000143,0,0,"""""",aten::empty,1884.0580000013574,0,
319,0,12683.044999999234,0,1215.9210000004168,"""""",aten::to,511.7309999991421,0.0,
10,0,28.462999999893327,0,0,"""""",aten::lift_fresh,28.462999999893327,0,
3,0,15.093999999966854,0,0,"""""",aten::detach_,7.362999999967997,0,
2,0,7.730999999998858,0,0,"""""",detach_,7.730999999998858,0,
66,0,554.402000000423,0,0,"""""",<built-in method unsqueeze of Tensor object at 0x7146fb55b520>,276.54500000006055,0,
137,0,517.0740000004248,0,0,"""""",aten::unsqueeze,404.3190000012837,0,
1561,0,1655.707999997709,0,0,"""""",aten::as_strided,1655.707999997709,0,
1,0,76.96900000000005,0,0,"""""",<built-in method ones_like of type object at 0x71495b359d60>,33.63099999999986,0,
1,0,43.33800000000019,0,0,"""""",aten::ones_like,15.786000000000058,0,
154,0,1495.2480000000478,0,0,"""""",aten::empty_like,466.1010000001079,0,
223,0,3729.1759999998985,0,0,"""""",aten::empty_strided,1569.877000000154,0,
39,0,5543.980999999636,0,79.52399999985937,"""""",aten::fill_,3896.10099999934,57.89099999977043,
124,0,3662.8240000003225,0,0,"""""",contextlib.py(141): __exit__,184.66900000100486,0,
124,0,3307.3169999995416,0,0,"""""",torch_profiler_generate_trace.py(129): record_scope,362.1859999991166,0,
124,0,2945.131000000425,0,0,"""""",torch/autograd/profiler.py(878): __exit__,781.3570000007821,0,
132,0,24.363999999956377,0,0,"""""",torch/_jit_internal.py(104): is_scripting,24.363999999956377,0,
124,0,2099.8869999998255,0,0,"""""",torch/_ops.py(1085): __call__,175.34899999971367,0,
124,0,853.7830000000249,0,0,"""""",torch/_ops.py(1150): _must_dispatch_in_python,190.4380000006413,0,
125,0,674.3859999994684,0,0,"""""",<built-in function any>,171.7440000001725,0,
248,0,494.26099999936014,0,0,"""""",torch/_ops.py(1151): <genexpr>,135.10999999985825,0,
124,0,359.1509999995019,0,0,"""""",torch/_ops.py(1136): _contains_fake_script_object,230.59599999948796,0,
124,0,1070.755000000087,0,0,"""""",<built-in method  of pybind11_builtins.pybind11_detail_function_record_v1_system_libstdcpp_gxx_abi_1xxx_use_cxx11_abi_1 object at 0x7147aacb6a30>,1070.755000000087,0,
124,0,40.99499999986983,0,0,"""""",<built-in method __exit__ of torch._C.DisableTorchFunctionSubclass object at 0x7146fba9b6b0>,40.99499999986983,0,
1,0,8993.651000000002,0,0,"""""",profile.load_image,85.5460000000021,0,
1,0,2752.393,0,0,"""""",PIL/Image.py(3581): open,28.601999999999407,0,
2,0,17.085999999999785,0,0,"""""",PIL/_util.py(12): is_path,3.5309999999990396,0,
39,0,7.0579999999968095,0,0,"""""",<built-in function fspath>,7.0579999999968095,0,
16,0,547.0510000000136,0,0,"""""",<built-in function open>,259.080000000014,0,
4,0,4.836999999952695,0,0,"""""",<built-in method seek of _io.BufferedReader object at 0x7146fb7dbcc0>,4.836999999952695,0,
44,0,122.47300000000268,0,0,"""""",<built-in method read of _io.BufferedReader object at 0x7146fb7dbcc0>,122.47300000000268,0,
1,0,11.288000000000011,0,0,"""""",<frozen posixpath>(117): splitext,5.074000000000069,0,
1,0,5.829999999999927,0,0,"""""",<frozen genericpath>(133): _splitext,4.19399999999996,0,
17,0,10.865999999997257,0,0,"""""",<built-in method rfind of str object at 0x7149e2bcc1b0>,10.865999999997257,0,
1,0,2410.577,0,0,"""""",PIL/Image.py(405): _import_plugin_for_extension,13.867000000000644,0,
2374,0,379.82400000010284,0,0,"""""",<built-in method lower of str object at 0x7146fb54c060>,379.82400000010284,0,
8,0,38.361999999998716,0,0,"""""",logging/__init__.py(1517): debug,10.014000000004216,0,
8,0,28.3479999999945,0,0,"""""",logging/__init__.py(1790): isEnabledFor,21.155999999993583,0,
2,0,4.524000000000342,0,0,"""""",logging/__init__.py(234): _acquireLock,2.929000000000542,0,
2,0,1.5949999999998,0,0,"""""",<built-in method acquire of _thread.RLock object at 0x7149e2a99700>,1.5949999999998,0,
1,0,0.3560000000002219,0,0,"""""",logging/__init__.py(1369): disable,0.3560000000002219,0,
1,0,1.693000000000211,0,0,"""""",logging/__init__.py(1776): getEffectiveLevel,1.693000000000211,0,
2,0,2.837000000000444,0,0,"""""",logging/__init__.py(243): _releaseLock,2.141000000000531,0,
2,0,0.6959999999999127,0,0,"""""",<built-in method release of _thread.RLock object at 0x7149e2a99700>,0.6959999999999127,0,
14,0,17.224999999996726,0,0,"""""",<frozen importlib._bootstrap>(645): parent,11.149999999990541,0,
29,0,11.440000000004602,0,0,"""""",<built-in method rpartition of str object at 0x7149e2becd70>,11.440000000004602,0,
1,0,0.3289999999997235,0,0,"""""",<built-in function globals>,0.3289999999997235,0,
1,0,1.481999999999971,0,0,"""""",<built-in function locals>,1.481999999999971,0,
2,0,3501.031,0,0,"""""",<built-in function __import__>,9.047999999999774,0,
3,0,3784.2830000000004,0,0,"""""",<frozen importlib._bootstrap>(1349): _find_and_load,37.41500000000042,0,
3,0,0.6960000000003674,0,0,"""""",<frozen importlib._bootstrap>(412): __init__,0.6960000000003674,0,
3,0,117.05499999999984,0,0,"""""",<frozen importlib._bootstrap>(416): __enter__,7.752999999999702,0,
3,0,35.84199999999964,0,0,"""""",<frozen importlib._bootstrap>(426): _get_module_lock,27.496999999999844,0,
18,0,3.492999999998574,0,0,"""""",<built-in function acquire_lock>,3.492999999998574,0,
3,0,6.75,0,0,"""""",<frozen importlib._bootstrap>(232): __init__,5.351999999999407,0,
3,0,1.398000000000593,0,0,"""""",<built-in function allocate_lock>,1.398000000000593,0,
18,0,3.42699999999968,0,0,"""""",<built-in function release_lock>,3.42699999999968,0,
3,0,73.46000000000049,0,0,"""""",<frozen importlib._bootstrap>(304): acquire,25.875000000002274,0,
6,0,1.6070000000013351,0,0,"""""",<built-in function get_ident>,1.6070000000013351,0,
3,0,0.5850000000000364,0,0,"""""",<frozen importlib._bootstrap>(158): __init__,0.5850000000000364,0,
3,0,33.67499999999927,0,0,"""""",<frozen importlib._bootstrap>(162): __enter__,8.484999999998763,0,
3,0,24.232000000000426,0,0,"""""",<frozen importlib._bootstrap>(124): setdefault,12.248999999999796,0,
3,0,8.244000000000142,0,0,"""""",<frozen importlib._bootstrap>(74): __new__,6.032999999999902,0,
33,0,46.26400000001286,0,0,"""""",<built-in method __new__ of type object at 0x5a26c6b6d640>,46.26400000001286,0,
3,0,3.7390000000004875,0,0,"""""",<frozen importlib._bootstrap>(79): __init__,3.7390000000004875,0,
6,0,2.130999999999858,0,0,"""""",<built-in method __exit__ of _thread.RLock object at 0x71477c357c40>,2.130999999999858,0,
3,0,4.559999999999945,0,0,"""""",<frozen importlib._bootstrap>(173): __exit__,3.2260000000005675,0,
3,0,1.333999999999378,0,0,"""""",<built-in method remove of _List object at 0x7146fb55be80>,1.333999999999378,0,
3,0,6.2739999999994325,0,0,"""""",<frozen importlib._bootstrap>(82): remove,4.8869999999992615,0,
3,0,1.387000000000171,0,0,"""""",<built-in function _remove_dead_weakref>,1.387000000000171,0,
3,0,3599.9919999999993,0,0,"""""",<frozen importlib._bootstrap>(1304): _find_and_load_unlocked,31.368999999998323,0,
3,0,265.63700000000017,0,0,"""""",<frozen importlib._bootstrap>(1240): _find_spec,42.02600000000257,0,
12,0,5.6469999999981155,0,0,"""""",<frozen importlib._bootstrap>(1222): __enter__,3.66399999999976,0,
3,0,3.5709999999999127,0,0,"""""",_distutils_hack/__init__.py(82): find_spec,2.1909999999998035,0,
12,0,5.839000000000851,0,0,"""""",<frozen importlib._bootstrap>(1226): __exit__,3.690000000000964,0,
3,0,6.093999999999596,0,0,"""""",<frozen importlib._bootstrap>(982): find_spec,3.1539999999999964,0,
3,0,2.9399999999996,0,0,"""""",<built-in function is_builtin>,2.9399999999996,0,
3,0,7.664999999999509,0,0,"""""",<frozen importlib._bootstrap>(1128): find_spec,3.0179999999995744,0,
7,0,3466.5950000000003,0,0,"""""",<frozen importlib._bootstrap>(480): _call_with_frames_removed,5.337000000000444,0,
3,0,2.3900000000003274,0,0,"""""",<built-in function find_frozen>,2.3900000000003274,0,
3,0,194.79499999999962,0,0,"""""",<frozen importlib._bootstrap_external>(1524): find_spec,4.810999999999694,0,
3,0,189.98399999999992,0,0,"""""",<frozen importlib._bootstrap_external>(1495): _get_spec,13.186999999999898,0,
3,0,1.9339999999997417,0,0,"""""",<frozen importlib._bootstrap_external>(1473): _path_importer_cache,1.9339999999997417,0,
3,0,174.26400000000012,0,0,"""""",<frozen importlib._bootstrap_external>(1597): find_spec,52.421999999999116,0,
9,0,65.97999999999911,0,0,"""""",<frozen importlib._bootstrap_external>(140): _path_stat,4.533999999997832,0,
87,0,414.14699999999675,0,0,"""""",<built-in function stat>,414.14699999999675,0,
3,0,0.4490000000000691,0,0,"""""",<frozen importlib._bootstrap_external>(71): _relax_case,0.4490000000000691,0,
18,0,40.030999999999494,0,0,"""""",<frozen importlib._bootstrap_external>(126): _path_join,25.677999999999884,0,
497,0,101.65699999997969,0,0,"""""",<built-in method rstrip of str object at 0x7149e2debc30>,101.65699999997969,0,
496,0,107.98799999996754,0,0,"""""",<built-in method join of str object at 0x5a26c6b9aeb0>,106.72199999996701,0,
21,0,5.4909999999999854,0,0,"""""",<frozen importlib._bootstrap>(491): _verbose_message,5.4909999999999854,0,
3,0,24.934000000000196,0,0,"""""",<frozen importlib._bootstrap_external>(159): _path_isfile,3.6709999999998217,0,
3,0,21.263000000000375,0,0,"""""",<frozen importlib._bootstrap_external>(150): _path_is_mode_type,3.9260000000008404,0,
3,0,31.053000000000793,0,0,"""""",<frozen importlib._bootstrap_external>(1592): _get_spec,9.411000000000513,0,
3,0,0.5719999999996617,0,0,"""""",<frozen importlib._bootstrap_external>(1157): __init__,0.5719999999996617,0,
3,0,21.07000000000062,0,0,"""""",<frozen importlib._bootstrap_external>(806): spec_from_file_location,14.206000000001495,0,
3,0,5.089999999999691,0,0,"""""",<frozen importlib._bootstrap_external>(185): _path_abspath,2.27599999999984,0,
3,0,2.813999999999851,0,0,"""""",<frozen importlib._bootstrap_external>(180): _path_isabs,1.7179999999998472,0,
3,0,1.219000000000051,0,0,"""""",<frozen importlib._bootstrap>(599): __init__,1.219000000000051,0,
3,0,3295.9830000000006,0,0,"""""",<frozen importlib._bootstrap>(911): _load_unlocked,28.824000000001888,0,
3,0,119.60599999999977,0,0,"""""",<frozen importlib._bootstrap>(806): module_from_spec,13.19399999999996,0,
3,0,0.5629999999996471,0,0,"""""",<frozen importlib._bootstrap_external>(990): create_module,0.5629999999996471,0,
3,0,3.460000000000491,0,0,"""""",<frozen importlib._bootstrap>(48): _new_module,3.460000000000491,0,
3,0,101.69199999999955,0,0,"""""",<frozen importlib._bootstrap>(733): _init_module_attrs,25.401000000000295,0,
3,0,0.4630000000001928,0,0,"""""",<frozen importlib._bootstrap>(653): has_location,0.4630000000001928,0,
6,0,67.82999999999902,0,0,"""""",<frozen importlib._bootstrap>(632): cached,4.643999999998869,0,
3,0,63.18600000000015,0,0,"""""",<frozen importlib._bootstrap_external>(615): _get_cached,8.899999999999181,0,
6,0,91.29000000000087,0,0,"""""",<frozen importlib._bootstrap_external>(486): cache_from_source,43.370000000002165,0,
6,0,28.89099999999962,0,0,"""""",<frozen importlib._bootstrap_external>(132): _path_split,11.705000000000382,0,
11,0,31.352999999975054,0,0,"""""",<built-in function max>,21.607000000024527,0,
12,0,7.485999999999422,0,0,"""""",<frozen importlib._bootstrap_external>(134): <genexpr>,4.950999999999112,0,
3,0,3143.902,0,0,"""""",<frozen importlib._bootstrap_external>(993): exec_module,13.326000000000022,0,
3,0,808.0699999999997,0,0,"""""",<frozen importlib._bootstrap_external>(1066): get_code,78.78199999999833,0,
3,0,6.288000000000466,0,0,"""""",<frozen importlib._bootstrap_external>(647): _check_name_wrapper,5.781000000000859,0,
3,0,0.5069999999996071,0,0,"""""",<frozen importlib._bootstrap_external>(1182): get_filename,0.5069999999996071,0,
3,0,17.009000000000015,0,0,"""""",<frozen importlib._bootstrap_external>(1206): path_stats,3.554000000000542,0,
3,0,124.99300000000085,0,0,"""""",<frozen importlib._bootstrap_external>(1187): get_data,14.291000000000622,0,
3,0,57.15900000000056,0,0,"""""",<built-in function open_code>,57.15900000000056,0,
11,0,56.95199999998613,0,0,"""""",<built-in method __exit__ of _io.BufferedReader object at 0x7146fb7dbd70>,56.95199999998613,0,
3,0,16.184999999999945,0,0,"""""",<frozen importlib._bootstrap_external>(670): _classify_pyc,8.164000000000215,0,
9,0,12.19799999999941,0,0,"""""",<frozen importlib._bootstrap_external>(84): _unpack_uint32,8.251000000000204,0,
9,0,2.594000000000051,0,0,"""""",<built-in method from_bytes of type object at 0x5a26c6b79d20>,2.594000000000051,0,
3,0,11.405999999999494,0,0,"""""",<frozen importlib._bootstrap_external>(703): _validate_timestamp_pyc,6.23299999999972,0,
3,0,513.7730000000006,0,0,"""""",<frozen importlib._bootstrap_external>(755): _compile_bytecode,9.839000000000851,0,
3,0,501.34000000000015,0,0,"""""",<built-in function loads>,501.34000000000015,0,
3,0,1.282999999999447,0,0,"""""",<built-in function _fix_co_filename>,1.282999999999447,0,
3,0,2319.9249999999993,0,0,"""""",<built-in function exec>,12.014999999998508,0,
1,0,1662.9479999999999,0,0,"""""",PIL/JpegImagePlugin.py(0): <module>,63.831000000000586,0,
11,0,1283.2099999999973,0,0,"""""",<frozen importlib._bootstrap>(1390): _handle_fromlist,135.9480000000085,0,
1,0,632.7460000000005,0,0,"""""",PIL/ImageFile.py(0): <module>,42.08799999999974,0,
1,0,34.60799999999972,0,0,"""""",logging/__init__.py(2149): getLogger,4.569999999999709,0,
1,0,29.92300000000023,0,0,"""""",logging/__init__.py(1377): getLogger,10.717999999999392,0,
1,0,5.744000000000142,0,0,"""""",logging/__init__.py(1497): __init__,4.677999999999884,0,
1,0,0.25700000000006185,0,0,"""""",logging/__init__.py(811): __init__,0.25700000000006185,0,
1,0,0.8090000000001965,0,0,"""""",logging/__init__.py(208): _checkLevel,0.6959999999999127,0,
1,0,11.141000000000076,0,0,"""""",logging/__init__.py(1428): _fixupParents,8.3449999999998,0,
1,0,0.9250000000001819,0,0,"""""",logging/__init__.py(1323): append,0.9250000000001819,0,
10,0,573.0460000000021,0,0,"""""",<built-in function __build_class__>,131.28500000000122,0,
1,0,0.39600000000018554,0,0,"""""",typing.py(2880): _namedtuple_mro_entries,0.39600000000018554,0,
1,0,1.336999999999989,0,0,"""""",PIL/ImageFile.py(102): _Tile,1.336999999999989,0,
1,0,371.4690000000005,0,0,"""""",typing.py(2814): __new__,49.55999999999949,0,
2,0,0.5470000000000255,0,0,"""""",typing.py(2820): <genexpr>,0.5470000000000255,0,
1,0,318.4739999999997,0,0,"""""",typing.py(2795): _make_nmtuple,18.566999999999553,0,
1,0,161.46900000000005,0,0,"""""",collections/__init__.py(355): namedtuple,89.29400000000169,0,
68,0,37.06699999999637,0,0,"""""",<built-in function intern>,37.06699999999637,0,
19,0,5.242000000092048,0,0,"""""",<built-in method isidentifier of str object at 0x7146fb54f5d0>,5.242000000092048,0,
19,0,4.775999999879787,0,0,"""""",<built-in method __contains__ of frozenset object at 0x7149e2f98ba0>,4.775999999879787,0,
32,0,15.225999999900523,0,0,"""""",<built-in method add of set object at 0x7146fb580ac0>,11.734999999920547,0,
5,0,1.2660000000005311,0,0,"""""",collections/__init__.py(429): <genexpr>,1.2660000000005311,0,
1,0,56.19599999999991,0,0,"""""",<built-in function eval>,55.75600000000031,0,
1,0,0.4399999999995998,0,0,"""""",<string>(0): <module>,0.4399999999995998,0,
9,0,5.543000000084248,0,0,"""""",<built-in function setattr>,5.543000000084248,0,
1,0,3.761000000000422,0,0,"""""",PIL/ImageFile.py(114): ImageFile,3.761000000000422,0,
1,0,6.408999999999651,0,0,"""""",PIL/ImageFile.py(471): StubHandler,5.8729999999995925,0,
3,0,0.98700000000008,0,0,"""""",<frozen abc>(7): abstractmethod,0.98700000000008,0,
2,0,42.21399999999994,0,0,"""""",<frozen abc>(105): __new__,4.678000000000793,0,
2,0,7.72899999999936,0,0,"""""",<built-in function _abc_init>,7.72899999999936,0,
1,0,3.2919999999994616,0,0,"""""",PIL/ImageFile.py(480): StubImageFile,2.8409999999994398,0,
1,0,2.270999999999731,0,0,"""""",PIL/ImageFile.py(510): Parser,2.270999999999731,0,
1,0,0.5469999999995707,0,0,"""""",PIL/ImageFile.py(742): PyCodecState,0.5469999999995707,0,
1,0,1.368000000000393,0,0,"""""",PIL/ImageFile.py(753): PyCodec,1.368000000000393,0,
1,0,1.8940000000002328,0,0,"""""",PIL/ImageFile.py(825): PyDecoder,1.8940000000002328,0,
1,0,3.4970000000002983,0,0,"""""",PIL/ImageFile.py(879): PyEncoder,3.4970000000002983,0,
20,0,6.179000000000997,0,0,"""""",<built-in method pop of list object at 0x7147a94e5100>,6.179000000000997,0,
3,0,20.97100000000046,0,0,"""""",<frozen importlib._bootstrap>(420): __exit__,4.326000000000022,0,
3,0,16.645000000000437,0,0,"""""",<frozen importlib._bootstrap>(372): release,12.239999999998872,0,
3,0,6.473000000000866,0,0,"""""",<frozen importlib._bootstrap>(445): cb,4.359999999999673,0,
1,0,12.21600000000035,0,0,"""""","        num_beam_groups (`int`, *optional*, defaults to 1):
(0): <module>",12.21600000000035,0,
1,0,3.3060000000004948,0,0,"""""",PIL/JpegImagePlugin.py(343): JpegImageFile,3.3060000000004948,0,
1,0,7.536000000000058,0,0,"""""",PIL/Image.py(3819): register_open,6.55199999999968,0,
8,0,2.3739999999997963,0,0,"""""",<built-in method upper of str object at 0x7147a9563750>,2.3739999999997963,0,
1,0,1.199999999999818,0,0,"""""",PIL/Image.py(3857): register_save,0.9340000000001965,0,
1,0,8.96099999999933,0,0,"""""",PIL/Image.py(3895): register_extensions,3.5419999999994616,0,
4,0,5.418999999999869,0,0,"""""",PIL/Image.py(3884): register_extension,3.6649999999999636,0,
1,0,1.5450000000000728,0,0,"""""",PIL/Image.py(3842): register_mime,1.3240000000005239,0,
1,0,261.4830000000002,0,0,"""""",PIL/Image.py(3656): _open_core,11.580000000002656,0,
2,0,6.088999999999032,0,0,"""""",PIL/JpegImagePlugin.py(334): _accept,4.432999999999083,0,
4,0,3.151000000016211,0,0,"""""",<built-in method startswith of bytes object at 0x7147823e92b0>,3.151000000016211,0,
1,0,225.89999999999964,0,0,"""""",PIL/JpegImagePlugin.py(854): jpeg_factory,5.722999999999956,0,
1,0,214.27999999999975,0,0,"""""",PIL/ImageFile.py(117): __init__,22.368999999999687,0,
8,0,20.09799999999632,0,0,"""""",PIL/Image.py(633): __init__,17.40499999999338,0,
10,0,3.267000000004373,0,0,"""""",PIL/Image.py(674): readonly,3.267000000004373,0,
1,0,3.7609999999995125,0,0,"""""",<frozen os>(1116): __subclasshook__,1.574999999999818,0,
8,0,1.0979999999944994,0,0,"""""",typing.py(2187): cast,1.0979999999944994,0,
1,0,163.47999999999956,0,0,"""""",PIL/JpegImagePlugin.py(347): _open,63.64499999999498,0,
23,0,19.349999999998545,0,0,"""""",PIL/_binary.py(91): i16be,9.524000000000342,0,
23,0,9.825999999998203,0,0,"""""",<built-in function unpack_from>,9.825999999998203,0,
1,0,20.375,0,0,"""""",PIL/JpegImagePlugin.py(69): APP,13.35399999999936,0,
9,0,10.544999999999163,0,0,"""""",PIL/ImageFile.py(707): _safe_read,7.380999999998494,0,
1,0,0.6310000000003129,0,0,"""""",<built-in function divmod>,0.6310000000003129,0,
2,0,27.999000000000706,0,0,"""""",PIL/JpegImagePlugin.py(239): DQT,22.843000000000757,0,
1,0,17.19300000000021,0,0,"""""",PIL/JpegImagePlugin.py(188): SOF,13.584000000001652,0,
5,0,15.825000000000728,0,0,"""""",PIL/JpegImagePlugin.py(63): Skip,7.188000000001921,0,
22,0,4.231999999993604,0,0,"""""",PIL/Image.py(666): mode,4.231999999993604,0,
29,0,5.043999999993503,0,0,"""""",PIL/Image.py(662): size,5.043999999993503,0,
2,0,3.597000000000662,0,0,"""""",<string>(1): <lambda>,2.0780000000013388,0,
1,0,0.31200000000080763,0,0,"""""",PIL/JpegImagePlugin.py(502): _read_dpi_from_exif,0.31200000000080763,0,
1,0,5.8969999999999345,0,0,"""""",PIL/JpegImagePlugin.py(531): _getmp,4.507000000000517,0,
1,0,1.389999999999418,0,0,"""""",PIL/JpegImagePlugin.py(541): _getmp,1.389999999999418,0,
1,0,17.29699999999957,0,0,"""""",PIL/Image.py(3560): _decompression_bomb_check,16.05200000000059,0,
2,0,6772.929,0,0,"""""",PIL/Image.py(1018): convert,20.076999999997497,0,
2,0,5704.862999999999,0,0,"""""",PIL/ImageFile.py(291): load,115.9199999999937,0,
10,0,59.408000000003995,0,0,"""""",PIL/Image.py(969): load,38.0910000000049,0,
1,0,374.71600000000035,0,0,"""""",PIL/ImageFile.py(435): load_prepare,13.360000000001492,0,
1,0,359.84900000000016,0,0,"""""",<built-in function new>,359.84900000000016,0,
6,0,2.604999999993197,0,0,"""""",PIL/Image.py(650): im,2.604999999993197,0,
1,0,3.7050000000008367,0,0,"""""",<built-in method sort of list object at 0x7146fb6c47c0>,3.4640000000008513,0,
1,0,0.24099999999998545,0,0,"""""",PIL/ImageFile.py(97): _tilesort,0.24099999999998545,0,
1,0,0.3220000000001164,0,0,"""""",PIL/ImageFile.py(370): <lambda>,0.3220000000001164,0,
2,0,33.78600000000006,0,0,"""""",PIL/Image.py(504): _getdecoder,17.677000000005137,0,
1,0,10.622999999999593,0,0,"""""",<built-in function jpeg_decoder>,10.622999999999593,0,
18,0,15.848000000009051,0,0,"""""",PIL/Image.py(643): im,10.448000000007596,0,
2,0,3.3410000000021682,0,0,"""""",<built-in method setimage of ImagingDecoder object at 0x7146fb6b9d70>,3.3410000000021682,0,
4,0,75.63600000000042,0,0,"""""",PIL/JpegImagePlugin.py(411): load_read,3.4639999999990323,0,
5,0,5768.958999999997,0,0,"""""",<built-in method decode of ImagingDecoder object at 0x7146fb6b9d70>,5768.958999999997,0,
1,0,0.5650000000005093,0,0,"""""",<built-in method cleanup of ImagingDecoder object at 0x7146fb6b9d70>,0.5650000000005093,0,
1,0,0.13800000000082946,0,0,"""""",PIL/ImageFile.py(443): load_end,0.13800000000082946,0,
1,0,5.569999999999709,0,0,"""""",<built-in method close of _io.BufferedReader object at 0x7146fb7dbcc0>,5.569999999999709,0,
10,0,8.093999999993684,0,0,"""""",PIL/Image.py(670): readonly,8.093999999993684,0,
9,0,5.097999999998137,0,0,"""""",<built-in method pixel_access of ImagingCore object at 0x7146fba9b6b0>,5.097999999998137,0,
2,0,1046.8950000000004,0,0,"""""",PIL/Image.py(1357): copy,11.69800000000032,0,
2,0,990.1550000000025,0,0,"""""",<built-in method copy of ImagingCore object at 0x7146fba9b6b0>,990.1550000000025,0,
5,0,58.296000000002095,0,0,"""""",PIL/Image.py(678): _new,41.19000000001142,0,
6,0,4.201999999995678,0,0,"""""",<built-in method copy of dict object at 0x7146fb552f40>,4.201999999995678,0,
1,0,33493.872,0,0,"""""",profile.image_preprocess_cpu,95.97299999999814,0,
1,0,33396.041000000005,0,0,"""""",llava/mm_utils.py(166): process_images,612.9930000000095,0,
116,0,323.237000000654,0,0,"""""",transformers/configuration_utils.py(262): __getattribute__,318.9420000006412,0,
4,0,2.7739999999994325,0,0,"""""",llava/mm_utils.py(171): <genexpr>,2.7739999999994325,0,
1,0,1016.0149999999994,0,0,"""""",llava/mm_utils.py(152): expand2square,13.106999999999971,0,
2,0,928.0470000000005,0,0,"""""",PIL/Image.py(3195): new,32.85699999999997,0,
4,0,8.912999999998647,0,0,"""""",PIL/Image.py(3176): _check_size,6.951000000010026,0,
2,0,869.6720000000005,0,0,"""""",<built-in function fill>,869.6720000000005,0,
1,0,419.83300000000054,0,0,"""""",PIL/Image.py(1841): paste,21.08100000000013,0,
1,0,5.570999999999913,0,0,"""""",PIL/Image.py(725): _ensure_mutable,1.808999999997468,0,
1,0,384.1170000000002,0,0,"""""",<built-in method paste of ImagingCore object at 0x7146fb6dbc30>,384.1170000000002,0,
1,0,31527.755999999998,0,0,"""""",transformers/models/clip/image_processing_clip.py(177): preprocess,71.54199999999764,0,
3,0,18.163000000004104,0,0,"""""",transformers/image_processing_utils.py(708): get_size_dict,6.492000000002008,0,
3,0,11.159000000003289,0,0,"""""",transformers/image_processing_utils.py(669): is_valid_size_dict,9.012000000002445,0,
1,0,5.331000000000131,0,0,"""""",transformers/image_utils.py(129): make_list_of_images,3.3650000000016007,0,
1,0,1.845999999999549,0,0,"""""",transformers/image_utils.py(112): is_batched,1.488999999999578,0,
2,0,4790.5380000000005,0,0,"""""",transformers/image_utils.py(100): valid_images,4.899999999999636,0,
2,0,4322.338,0,0,"""""",transformers/image_utils.py(90): is_valid_image,7.209000000000742,0,
7,0,13993.616999999995,0,0,"""""",transformers/utils/import_utils.py(731): is_vision_available,33.65199999999095,0,
7,0,13.642000000003463,0,0,"""""",<frozen importlib.util>(70): find_spec,10.422000000009575,0,
7,0,13935.980000000001,0,0,"""""",importlib/metadata/__init__.py(882): version,11.183000000013635,0,
7,0,2552.2849999999908,0,0,"""""",importlib/metadata/__init__.py(856): distribution,10.712999999992462,0,
7,0,2541.5719999999983,0,0,"""""",importlib/metadata/__init__.py(383): from_name,50.91200000000026,0,
7,0,76.91600000000108,0,0,"""""",importlib/metadata/__init__.py(401): discover,47.07499999999527,0,
7,0,15.307000000006155,0,0,"""""",importlib/metadata/__init__.py(634): __init__,7.723000000001775,0,
63,0,24.932999999999083,0,0,"""""",<built-in function vars>,24.932999999999083,0,
7,0,9.346999999996115,0,0,"""""",importlib/metadata/__init__.py(428): _discover_resolvers,9.346999999996115,0,
14,0,3.88300000000163,0,0,"""""",<built-in method from_iterable of type object at 0x5a26e1e047b0>,3.88300000000163,0,
7,0,223.97400000000016,0,0,"""""",importlib/metadata/__init__.py(415): <genexpr>,18.56900000000678,0,
7,0,7.85899999999674,0,0,"""""",importlib/metadata/__init__.py(431): <genexpr>,4.2189999999900465,0,
28,0,14.721000000003187,0,0,"""""",importlib/metadata/__init__.py(432): <genexpr>,8.355000000001382,0,
7,0,184.496000000001,0,0,"""""",<frozen importlib._bootstrap_external>(1548): find_distributions,28.2920000000031,0,
7,0,140.54099999999744,0,0,"""""",importlib/metadata/__init__.py(777): find_distributions,16.86399999999594,0,
7,0,10.896999999999025,0,0,"""""",importlib/metadata/__init__.py(637): path,5.752999999996973,0,
7,0,112.78000000000247,0,0,"""""",importlib/metadata/__init__.py(790): _search_paths,21.040000000000873,0,
7,0,90.27200000000084,0,0,"""""",importlib/metadata/__init__.py(750): __init__,15.982999999992899,0,
7,0,66.42400000000634,0,0,"""""",importlib/metadata/__init__.py(757): normalize,13.84400000000278,0,
7,0,47.402000000000044,0,0,"""""",re/__init__.py(179): sub,13.732999999996537,0,
7,0,16.073999999995067,0,0,"""""",re/__init__.py(280): _compile,11.460999999997512,0,
7,0,17.59500000000844,0,0,"""""",<built-in method sub of re.Pattern object at 0x7147ab368a00>,17.59500000000844,0,
7,0,7.865000000001601,0,0,"""""",importlib/metadata/__init__.py(764): legacy_normalize,4.8399999999946886,0,
7,0,210.79700000000594,0,0,"""""",importlib/metadata/__init__.py(794): <genexpr>,17.963000000010652,0,
77,0,14.567999999990207,0,0,"""""",importlib/metadata/__init__.py(672): __init__,14.567999999990207,0,
77,0,1584.9480000000185,0,0,"""""",importlib/metadata/__init__.py(692): search,109.40900000001602,0,
77,0,551.8239999999987,0,0,"""""",importlib/metadata/__init__.py(695): mtime,176.81899999997404,0,
98,0,12.556000000015047,0,0,"""""",contextlib.py(440): __init__,12.556000000015047,0,
98,0,11.739000000003216,0,0,"""""",contextlib.py(443): __enter__,11.739000000003216,0,
98,0,27.260000000022046,0,0,"""""",contextlib.py(446): __exit__,22.990000000027067,0,
77,0,422.5469999999914,0,0,"""""",importlib/metadata/__init__.py(728): search,178.85099999992053,0,
154,0,34.73200000004181,0,0,"""""",importlib/metadata/__init__.py(772): __bool__,34.73200000004181,0,
147,0,208.96400000002905,0,0,"""""",importlib/metadata/_collections.py(20): __missing__,133.6010000000024,0,
147,0,45.109000000024025,0,0,"""""",importlib/metadata/_collections.py(24): <lambda>,45.109000000024025,0,
77,0,1486.02200000001,0,0,"""""",importlib/metadata/__init__.py(795): <genexpr>,79.33999999999651,0,
28,0,22.132999999992535,0,0,"""""",<built-in function issubclass>,11.197999999987587,0,
7,0,7.753000000000611,0,0,"""""",<built-in method cache_clear of functools._lru_cache_wrapper object at 0x7147ab1ec250>,7.753000000000611,0,
7,0,501.1680000000124,0,0,"""""",importlib/metadata/__init__.py(701): lookup,11.068000000017491,0,
7,0,490.0999999999949,0,0,"""""",importlib/metadata/__init__.py(707): __init__,52.066000000015265,0,
7,0,28.604999999995925,0,0,"""""",<frozen posixpath>(169): basename,16.486999999995533,0,
14,0,9.192000000000917,0,0,"""""",<frozen posixpath>(41): _get_sep,5.916000000008353,0,
7,0,386.9559999999983,0,0,"""""",importlib/metadata/__init__.py(678): children,55.19899999999507,0,
7,0,36.246000000001004,0,0,"""""",<built-in function listdir>,36.246000000001004,0,
7,0,271.5919999999969,0,0,"""""",importlib/metadata/__init__.py(685): zip_children,10.53400000000147,0,
7,0,261.05799999999545,0,0,"""""",zipfile/_path/__init__.py(272): __init__,10.083999999998923,0,
7,0,250.97399999999652,0,0,"""""",zipfile/_path/__init__.py(145): make,18.064999999991414,0,
7,0,230.4140000000043,0,0,"""""",zipfile/_path/__init__.py(87): __init__,20.849000000011074,0,
7,0,209.56499999999323,0,0,"""""",zipfile/__init__.py(1313): __init__,45.9729999999945,0,
7,0,98.86499999999796,0,0,"""""",zipfile/__init__.py(742): _check_compression,98.86499999999796,0,
7,0,10.759000000005472,0,0,"""""",zipfile/__init__.py(1964): __del__,7.517000000010739,0,
7,0,3.241999999994732,0,0,"""""",zipfile/__init__.py(1968): close,3.241999999994732,0,
14,0,17.289999999991778,0,0,"""""",importlib/metadata/_collections.py(23): freeze,17.289999999991778,0,
7,0,409.89400000000205,0,0,"""""",importlib/metadata/__init__.py(347): __new__,230.93799999999646,0,
7,0,3.150999999996202,0,0,"""""",inspect.py(748): getmro,3.150999999996202,0,
7,0,1.1659999999992579,0,0,"""""",importlib/metadata/__init__.py(804): __init__,1.1659999999992579,0,
7,0,1.6599999999925785,0,0,"""""",importlib/metadata/__init__.py(416): <genexpr>,1.6599999999925785,0,
7,0,11372.511999999997,0,0,"""""",importlib/metadata/__init__.py(464): version,25.5879999999961,0,
7,0,11294.530000000006,0,0,"""""",importlib/metadata/__init__.py(436): metadata,48.6510000000344,0,
7,0,761.6719999999896,0,0,"""""",importlib/metadata/__init__.py(811): read_text,47.6689999999835,0,
7,0,94.24700000000121,0,0,"""""",pathlib.py(711): joinpath,12.945999999998094,0,
7,0,81.30100000000311,0,0,"""""",pathlib.py(380): with_segments,19.847000000014305,0,
7,0,8.971999999997934,0,0,"""""",pathlib.py(1164): __new__,6.038999999995212,0,
7,0,52.481999999990876,0,0,"""""",pathlib.py(1157): __init__,13.898999999992157,0,
7,0,38.58299999999872,0,0,"""""",pathlib.py(358): __init__,28.679999999996653,0,
7,0,616.7539999999972,0,0,"""""",pathlib.py(1022): read_text,30.710000000000946,0,
14,0,2.4100000000016735,0,0,"""""",<built-in function text_encoding>,2.4100000000016735,0,
7,0,457.6640000000025,0,0,"""""",pathlib.py(1005): open,7.02499999999236,0,
7,0,277.3480000000018,0,0,"""""",pathlib.py(447): __fspath__,13.367999999996755,0,
7,0,263.980000000005,0,0,"""""",pathlib.py(437): __str__,34.544000000008964,0,
7,0,214.23900000000503,0,0,"""""",pathlib.py(551): drive,15.139000000001033,0,
7,0,199.100000000004,0,0,"""""",pathlib.py(407): _load_parts,31.488999999990483,0,
7,0,46.76900000000933,0,0,"""""",<frozen posixpath>(71): join,32.898000000022876,0,
7,0,118.21200000000499,0,0,"""""",pathlib.py(387): _parse_path,63.649000000012165,0,
7,0,12.22899999999936,0,0,"""""",<frozen posixpath>(138): splitroot,10.294999999996435,0,
7,0,1.201999999999316,0,0,"""""",pathlib.py(560): root,1.201999999999316,0,
7,0,1.0540000000000873,0,0,"""""",pathlib.py(569): _tail,1.0540000000000873,0,
7,0,12.940999999991618,0,0,"""""",pathlib.py(429): _format_parsed_parts,7.925999999995838,0,
8,0,13.16099999999824,0,0,"""""",<frozen codecs>(309): __init__,11.668000000017855,0,
8,0,1.492999999980384,0,0,"""""",<frozen codecs>(260): __init__,1.492999999980384,0,
7,0,93.55599999999504,0,0,"""""",<built-in method read of _io.TextIOWrapper object at 0x7146fb5804a0>,67.36000000000058,0,
15,0,50.31500000000051,0,0,"""""",<frozen codecs>(319): decode,21.211999999966793,0,
15,0,29.103000000033717,0,0,"""""",<built-in function utf_8_decode>,29.103000000033717,0,
7,0,9957.211999999998,0,0,"""""",email/__init__.py(31): message_from_string,29.22999999999047,0,
7,0,1.6670000000103755,0,0,"""""",email/parser.py(17): __init__,1.6670000000103755,0,
7,0,9926.314999999997,0,0,"""""",email/parser.py(56): parsestr,50.93800000000556,0,
7,0,9875.376999999991,0,0,"""""",email/parser.py(41): parse,47.47499999999491,0,
7,0,39.736000000002605,0,0,"""""",email/feedparser.py(137): __init__,25.337999999999738,0,
7,0,14.398000000002867,0,0,"""""",email/feedparser.py(52): __init__,14.398000000002867,0,
21,0,38.552999999998065,0,0,"""""",<built-in method read of _io.StringIO object at 0x7146fb519600>,38.552999999998065,0,
14,0,9361.060999999996,0,0,"""""",email/feedparser.py(171): feed,22.393000000005486,0,
14,0,335.60799999999836,0,0,"""""",email/feedparser.py(100): push,68.68199999997887,0,
21,0,17.50300000000425,0,0,"""""",<built-in method write of _io.StringIO object at 0x7146fb5196c0>,17.50300000000425,0,
42,0,9.160000000010768,0,0,"""""",<built-in method seek of _io.StringIO object at 0x7146fb5196c0>,9.160000000010768,0,
22,0,359.5670000000482,0,0,"""""",<built-in method readlines of _io.StringIO object at 0x7146fb5196c0>,335.44800000004216,0,
21,0,6.786000000000058,0,0,"""""",<built-in method truncate of _io.StringIO object at 0x7146fb5196c0>,6.786000000000058,0,
21,0,26.898999999997613,0,0,"""""",email/feedparser.py(121): pushlines,10.678000000003522,0,
21,0,16.220999999994092,0,0,"""""",<built-in method extend of collections.deque object at 0x7146fb4fe2f0>,16.220999999994092,0,
21,0,9132.360999999994,0,0,"""""",email/feedparser.py(176): _call_parse,147.31299999999464,0,
7,0,8455.524999999998,0,0,"""""",email/feedparser.py(216): _parsegen,3845.3540000001085,0,
7,0,25.058000000011816,0,0,"""""",email/feedparser.py(195): _new_message,20.289000000013402,0,
7,0,2.8510000000023865,0,0,"""""",email/message.py(156): __init__,2.8510000000023865,0,
14,0,1.907999999999447,0,0,"""""",email/feedparser.py(124): __iter__,1.907999999999447,0,
1246,0,1258.0839999998825,0,0,"""""",email/feedparser.py(127): __next__,466.20199999987926,0,
1246,0,791.8820000000032,0,0,"""""",email/feedparser.py(77): readline,613.543999999878,0,
1225,0,178.33800000012525,0,0,"""""",<built-in method popleft of collections.deque object at 0x7146fb4fe2f0>,178.33800000012525,0,
470,0,237.16600000000835,0,0,"""""",<built-in method match of re.Pattern object at 0x7147aac22a40>,237.16600000000835,0,
7,0,2425.9159999999993,0,0,"""""",email/feedparser.py(469): _parse_headers,1036.3449999999193,0,
455,0,99.68599999995604,0,0,"""""",<built-in method find of str object at 0x7146fb6c6070>,99.68599999995604,0,
455,0,970.4620000000195,0,0,"""""",email/_policybase.py(301): header_source_parse,569.555000000073,0,
455,0,105.76500000002488,0,0,"""""",<built-in method lstrip of str object at 0x7146fb54fcf0>,105.76500000002488,0,
455,0,225.27300000004652,0,0,"""""",email/message.py(521): set_raw,145.50200000002587,0,
28,0,714.7179999999989,0,0,"""""",email/message.py(606): get_content_type,36.17299999998613,0,
42,0,881.3120000000035,0,0,"""""",email/message.py(504): get,494.19499999989966,0,
28,0,3.559000000008382,0,0,"""""",email/message.py(648): get_default_type,3.559000000008382,0,
21,0,554.6929999999866,0,0,"""""",email/message.py(630): get_content_maintype,18.886999999982436,0,
14,0,529.523000000001,0,0,"""""",email/feedparser.py(464): _parsegen,410.87599999996746,0,
7,0,388.5519999999997,0,0,"""""",email/feedparser.py(182): close,36.641999999998006,0,
7,0,28.294999999998254,0,0,"""""",email/feedparser.py(69): close,16.38399999999092,0,
7,0,6.9979999999995925,0,0,"""""",email/message.py(341): set_payload,3.5789999999979045,0,
7,0,7.343000000008033,0,0,"""""",email/feedparser.py(208): _pop_message,5.003000000007887,0,
7,0,33.73899999999412,0,0,"""""",importlib/metadata/_adapters.py(41): __new__,16.31399999999485,0,
7,0,492.283999999996,0,0,"""""",importlib/metadata/_adapters.py(46): __init__,9.786999999991167,0,
7,0,482.49700000000485,0,0,"""""",importlib/metadata/_adapters.py(63): _repair_headers,176.1069999999945,0,
455,0,66.23400000002403,0,0,"""""",importlib/metadata/_adapters.py(64): redent,66.23400000002403,0,
7,0,236.98599999999715,0,0,"""""",email/message.py(249): get_payload,42.88999999999214,0,
7,0,6.2370000000028085,0,0,"""""",email/message.py(217): is_multipart,4.032000000002881,0,
9,0,3.8009999999212596,0,0,"""""",<built-in method strip of str object at 0x5a26c6b91670>,3.8009999999212596,0,
14,0,17.1890000000094,0,0,"""""",email/utils.py(52): _has_surrogates,8.915000000020882,0,
17,0,10.059000000021115,0,0,"""""",<built-in method encode of str object at 0x5a26f05c8050>,10.059000000021115,0,
7,0,52.393999999994776,0,0,"""""",importlib/metadata/_adapters.py(53): __getitem__,9.176999999994223,0,
7,0,43.21700000000055,0,0,"""""",email/message.py(420): __getitem__,4.736000000002605,0,
7,0,17.536999999994805,0,0,"""""",email/_policybase.py(319): header_fetch_parse,5.4359999999924185,0,
7,0,12.101000000002387,0,0,"""""",email/_policybase.py(289): _sanitize_header,6.311999999998079,0,
1,0,2564.495999999999,0,0,"""""",transformers/image_transforms.py(748): convert_to_rgb,8.44800000000032,0,
4,0,7836.705999999995,0,0,"""""",transformers/utils/import_utils.py(1275): requires_backends,29.027000000001863,0,
8,0,6.38100000000486,0,0,"""""",transformers/utils/import_utils.py(1289): <genexpr>,6.38100000000486,0,
1,0,5520.179,0,0,"""""",transformers/image_utils.py(168): to_numpy_array,8.171999999998661,0,
5,0,2130.0570000000043,0,0,"""""",<built-in function array>,616.4090000000033,0,
2,0,1513.648000000001,0,0,"""""",PIL/Image.py(811): __array_interface__,20.263999999995576,0,
2,0,1458.0140000000029,0,0,"""""",PIL/Image.py(849): tobytes,106.48400000002584,0,
6,0,4.948999999996886,0,0,"""""",PIL/Image.py(654): width,3.963999999999942,0,
6,0,4.734000000000378,0,0,"""""",PIL/Image.py(658): height,3.844999999997526,0,
2,0,27.294000000005326,0,0,"""""",PIL/Image.py(529): _getencoder,12.151000000005297,0,
2,0,12.629000000000815,0,0,"""""",<built-in function raw_encoder>,12.629000000000815,0,
2,0,3.4949999999989814,0,0,"""""",<built-in method setimage of ImagingEncoder object at 0x7146fb6baa60>,3.4949999999989814,0,
55,0,834.8339999999844,0,0,"""""",<built-in method encode of ImagingEncoder object at 0x7146fb6baa60>,834.8339999999844,0,
2,0,444.05899999999747,0,0,"""""",<built-in method join of bytes object at 0x5a26c6b8e388>,444.05899999999747,0,
2,0,34.88400000000547,0,0,"""""",PIL/Image.py(233): _conv_type_shape,17.3710000000101,0,
1,0,12.944999999999709,0,0,"""""",PIL/ImageMode.py(35): getmode,10.799999999999272,0,
1,0,4.510999999998603,0,0,"""""",transformers/image_utils.py(118): is_scaled_image,4.510999999998603,0,
1,0,6.202000000001135,0,0,"""""",transformers/image_utils.py(177): infer_channel_dimension_format,5.863000000001193,0,
1,0,15779.030999999999,0,0,"""""",transformers/models/clip/image_processing_clip.py(128): resize,11.332000000002154,0,
1,0,7.5570000000006985,0,0,"""""",transformers/image_transforms.py(209): get_resize_output_image_size,5.481999999999971,0,
2,0,3.592000000000553,0,0,"""""",transformers/image_utils.py(233): get_image_size,3.592000000000553,0,
1,0,15760.141999999996,0,0,"""""",transformers/image_transforms.py(276): resize,31.616999999994732,0,
1,0,2.6340000000018335,0,0,"""""",transformers/image_transforms.py(130): _rescale_for_pil_conversion,2.6340000000018335,0,
1,0,3733.108,0,0,"""""",transformers/image_transforms.py(157): to_pil_image,30.245999999995547,0,
2,0,14.280999999966298,0,0,"""""",transformers/utils/generic.py(151): is_torch_tensor,6.87499999998181,0,
3,0,0.9129999999931897,0,0,"""""",transformers/utils/import_utils.py(258): is_torch_available,0.9129999999931897,0,
2,0,6.733999999985826,0,0,"""""",transformers/utils/generic.py(145): _is_torch,5.704999999972642,0,
1,0,1.408000000003085,0,0,"""""",transformers/utils/generic.py(195): is_tf_tensor,1.301000000003114,0,
1,0,0.1069999999999709,0,0,"""""",transformers/utils/import_utils.py(421): is_tf_available,0.1069999999999709,0,
1,0,1.462999999999738,0,0,"""""",transformers/utils/generic.py(225): is_jax_tensor,1.2859999999964202,0,
1,0,0.17700000000331784,0,0,"""""",transformers/utils/import_utils.py(441): is_flax_available,0.17700000000331784,0,
5,0,41.74099999999089,0,0,"""""",transformers/image_transforms.py(53): to_channel_dimension_format,25.44999999999345,0,
2,0,810.7060000000056,0,0,"""""",<built-in method astype of numpy.ndarray object at 0x7146fb5656b0>,810.7060000000056,0,
1,0,1112.5080000000016,0,0,"""""",PIL/Image.py(3374): fromarray,23.21100000000297,0,
1,0,1088.5279999999984,0,0,"""""",PIL/Image.py(3290): frombuffer,6.77900000000227,0,
1,0,1078.2299999999996,0,0,"""""",PIL/Image.py(3244): frombytes,13.185000000004948,0,
1,0,716.4049999999988,0,0,"""""",PIL/Image.py(932): frombytes,11.021999999997206,0,
1,0,2.672999999998865,0,0,"""""",<built-in function raw_decoder>,2.672999999998865,0,
1,0,9821.967000000004,0,0,"""""",PIL/Image.py(2328): resize,31.36500000000524,0,
1,0,9773.795999999995,0,0,"""""",<built-in method resize of ImagingCore object at 0x7146fb5749f0>,9773.795999999995,0,
1,0,2011.6860000000015,0,0,"""""",transformers/image_processing_utils.py(626): center_crop,11.008999999998196,0,
1,0,1994.7099999999991,0,0,"""""",transformers/image_transforms.py(407): center_crop,17.046000000023923,0,
3,0,29.624000000003434,0,0,"""""",typing.py(1221): __instancecheck__,6.69999999999709,0,
3,0,22.924000000006345,0,0,"""""",typing.py(1492): __subclasscheck__,7.076000000000931,0,
1,0,3.279999999998836,0,0,"""""",<frozen _collections_abc>(288): __subclasshook__,1.7309999999924912,0,
3,0,4.8770000000004075,0,0,"""""",<built-in method transpose of numpy.ndarray object at 0x7146fb5658f0>,4.8770000000004075,0,
1,0,664.8310000000056,0,0,"""""",transformers/image_processing_utils.py(557): rescale,4.571000000003551,0,
1,0,660.260000000002,0,0,"""""",transformers/image_transforms.py(92): rescale,413.00599999999395,0,
1,0,1817.5060000000012,0,0,"""""",transformers/image_processing_utils.py(589): normalize,6.421999999998661,0,
1,0,1811.0840000000026,0,0,"""""",transformers/image_transforms.py(347): normalize,1778.7859999999928,0,
1,0,1.2420000000056461,0,0,"""""",transformers/image_utils.py(209): get_channel_dimension_axis,1.2420000000056461,0,
1,0,11.611000000004424,0,0,"""""",numpy/_core/numerictypes.py(475): issubdtype,5.777999999998428,0,
2,0,5.562000000005355,0,0,"""""",numpy/_core/numerictypes.py(293): issubclass_,3.0640000000130385,0,
1,0,665.3869999999952,0,0,"""""",transformers/feature_extraction_utils.py(76): __init__,6.9319999999934225,0,
1,0,645.9880000000048,0,0,"""""",transformers/feature_extraction_utils.py(164): convert_to_tensors,14.573000000003958,0,
1,0,12.72099999999773,0,0,"""""",transformers/feature_extraction_utils.py(115): _get_is_as_tensor_fns,8.804000000003725,0,
1,0,1.514999999999418,0,0,"""""",transformers/feature_extraction_utils.py(112): items,1.264999999999418,0,
127,0,132.6959999999599,0,0,"""""",torch/__init__.py(1160): is_tensor,82.5649999991947,0,
1,0,614.1469999999972,0,0,"""""",transformers/feature_extraction_utils.py(138): as_tensor,5.771999999997206,0,
179,0,12171.314000000093,0,1215.9210000004168,"""""",aten::_to_copy,1357.750000001237,0.0,
378,0,11291.107999999556,0,1846.8000000002648,"""""",aten::copy_,3941.14099999889,1765.1980000002513,
1,0,2.638999999995576,0,0,"""""",transformers/feature_extraction_utils.py(80): __getitem__,2.205999999991036,0,
173,0,782.3950000007753,0,0,"""""",aten::select,643.0060000018348,0,
9,0,34.50699999996141,0,0,"""""",<built-in function all>,19.508999999947264,0,
2,0,5.618999999998778,0,0,"""""",llava/mm_utils.py(180): <genexpr>,5.618999999998778,0,
2,0,237.5269999999946,0,3.584000000031665,"""""",<built-in method stack of type object at 0x71495b359d60>,42.65600000003906,0.0,
2,0,194.87099999995553,0,3.584000000031665,"""""",aten::stack,56.68599999992148,0.0,
78,0,8175.434999999561,0,623.8699999991222,"""""",aten::cat,5823.292999999736,587.8029999991995,
3,0,40.19699999990553,0,0,"""""",aten::narrow,23.69999999983702,0,
239,0,1095.848999999791,0,0,"""""",aten::slice,906.2270000001663,0,
1053,0,1104.2349999979851,0,0,"""""",aten::view,1104.2349999979851,0,
1,0,1652.828999999998,0,66.56299999998737,"""""",profile.input_h2d,96.43199999999342,0.0,
241,0,10895.831000000348,0,1196.016000000549,"""""",<built-in method to of Tensor object at 0x7146fb55b570>,1667.4800000005635,0.0,
1,0,404.9739999999947,0,0.6399999999994179,"""""",Activity Buffer Request,404.9739999999947,0.6399999999994179,
29,0,48.8070000000298,0,0,"""""",cudaStreamIsCapturing,48.8070000000298,0,
348,0,3135.9049999997296,0,0,"""""",cudaMemcpyAsync,3135.9049999997296,0,
1,0,0,0,905.0969999999943,"""""",profile.input_h2d,0,905.0969999999943,
4,0,0,0,64.8350000000064,"""""",Memcpy HtoD (Pageable -> Device),0,64.8350000000064,
28,0,4358.399999999594,0,0,"""""",cudaMalloc,4358.399999999594,0,
2,0,20.51999999990221,0,0,"""""",aten::expand_as,7.894999999974971,0,
178,0,656.5340000001743,0,0,"""""",aten::expand,520.1370000003299,0,
2561,0,79193.04500000298,0,400.68299999999726,"""""",cudaLaunchKernel,76492.63300000268,0.0,
99,0,0,0,716.9250000003885,"""""","void at::native::vectorized_elementwise_kernel<4, at::native::float16_copy_kernel_cuda(at::TensorIteratorBase&)::{lambda(float)#1}, std::array<char*, 2ul> >(int, at::native::float16_copy_kernel_cuda(at::TensorIteratorBase&)::{lambda(float)#1}, std::array<char*, 2ul>)",0,716.9250000003885,
1,0,783791.911,0,66762.08500002926,"""""",profile.generate_total,85.81399999989662,0.0,
1,0,4.819000000003143,0,0,"""""",torch/autograd/grad_mode.py(284): __new__,3.720000000001164,0,
1,0,5.958999999995285,0,0,"""""",torch/autograd/grad_mode.py(279): __init__,5.750999999996566,0,
1,0,19.189999999995052,0,0,"""""",torch/autograd/grad_mode.py(289): __enter__,17.59100000000035,0,
1,0,1.598999999994703,0,0,"""""",<built-in method __enter__ of pybind11_builtins.pybind11_detail_function_record_v1_system_libstdcpp_gxx_abi_1xxx_use_cxx11_abi_1 object at 0x7147ab1ff130>,1.598999999994703,0,
3,0,1473425.9130000002,0,132877.660000059,"""""",torch/utils/_contextlib.py(120): decorate_context,80.95599999994738,0.0,
3,0,34.208000000005995,0,0,"""""",torch/utils/_contextlib.py(154): clone,14.388999999966472,0,
3,0,7.63100000002305,0,0,"""""",torch/utils/_contextlib.py(167): __new__,5.066000000013446,0,
3,0,12.188000000016473,0,0,"""""",torch/autograd/grad_mode.py(75): __init__,11.501000000054773,0,
3,0,30.67399999999907,0,0,"""""",torch/autograd/grad_mode.py(80): __enter__,13.746999999937543,0,
9,0,5.606000000028871,0,0,"""""",<built-in function is_grad_enabled>,5.606000000028871,0,
6,0,25.688000000067404,0,0,"""""",torch/autograd/grad_mode.py(184): __init__,12.029999999984284,0,
6,0,10.990000000070722,0,0,"""""",<built-in function _set_grad_enabled>,10.990000000070722,0,
1,0,783614.221,0,66762.08500002926,"""""",llava/model/language_model/llava_llama.py(111): generate,247.69599999999627,0.0,
43,0,13925.571000000047,0,49.59900000001653,"""""",aten::eq,12223.303999999975,48.22300000001269,
452,0,13147.86200000046,0,7737.438000025701,"""""",Lazy Function Loading,13147.86200000046,7737.438000025701,
2,0,0,0,770315.7230000001,"""""",profile.generate_total,0,770315.7230000001,
43,0,0,0,48.22300000001269,"""""","void at::native::vectorized_elementwise_kernel<4, at::native::AUnaryFunctor<long, long, bool, at::native::(anonymous namespace)::CompareEqFunctor<long> >, std::array<char*, 2ul> >(int, at::native::AUnaryFunctor<long, long, bool, at::native::(anonymous namespace)::CompareEqFunctor<long> >, std::array<char*, 2ul>)",0,48.22300000001269,
3,0,14895.083000000071,0,17.37599999991653,"""""",<built-in method sum of Tensor object at 0x7146fb59c5f0>,73.89200000007258,0.0,
24,0,15311.33499999997,0,106.33599999953003,"""""",aten::sum,10941.076999999845,96.47999999958847,
4,0,0,0,6.784999999923457,"""""","void at::native::unrolled_elementwise_kernel<at::native::direct_copy_kernel_cuda(at::TensorIteratorBase&)::{lambda()#3}::operator()() const::{lambda()#4}::operator()() const::{lambda(long)#1}, std::array<char*, 2ul>, 4, TrivialOffsetCalculator<1, unsigned int>, TrivialOffsetCalculator<1, unsigned int>, at::native::memory::LoadWithCast<1>, at::native::memory::StoreWithCast<1> >(int, at::native::direct_copy_kernel_cuda(at::TensorIteratorBase&)::{lambda()#3}::operator()() const::{lambda()#4}::operator()() const::{lambda(long)#1}, std::array<char*, 2ul>, TrivialOffsetCalculator<1, unsigned int>, TrivialOffsetCalculator<1, unsigned int>, at::native::memory::LoadWithCast<1>, at::native::memory::StoreWithCast<1>)",0,6.784999999923457,
2,0,0,0,4.703999999983353,"""""","void at::native::reduce_kernel<512, 1, at::native::ReduceOp<long, at::native::func_wrapper_t<long, at::native::sum_functor<long, long, long>::operator()(at::TensorIterator&)::{lambda(long, long)#1}>, unsigned int, long, 4, 4> >(at::native::ReduceOp<long, at::native::func_wrapper_t<long, at::native::sum_functor<long, long, long>::operator()(at::TensorIterator&)::{lambda(long, long)#1}>, unsigned int, long, 4, 4>)",0,4.703999999983353,
106,0,5294.0730000000185,0,141.25000000058208,"""""",aten::gt,3769.471999999878,140.03300000057789,
105,0,0,0,138.81700000056298,"""""","void at::native::vectorized_elementwise_kernel<4, at::native::compare_scalar_kernel<long>(at::TensorIteratorBase&, at::native::(anonymous namespace)::OpType, long)::{lambda(long)#1}, std::array<char*, 2ul> >(int, at::native::compare_scalar_kernel<long>(at::TensorIteratorBase&, at::native::(anonymous namespace)::OpType, long)::{lambda(long)#1}, std::array<char*, 2ul>)",0,138.81700000056298,
144,0,22592.44500000011,0,157.25199999938195,"""""",aten::is_nonzero,298.63100000016857,0.0,
297,0,24941.413000000146,0,317.4219999996567,"""""",aten::item,651.5239999999176,0.0,
297,0,24289.88900000023,0,317.4219999996567,"""""",aten::_local_scalar_dense,1768.3400000000984,317.4219999996567,
4,0,1073.6669999999867,0,0,"""""",cudaHostAlloc,1073.6669999999867,0,
294,0,0,0,321.9989999997633,"""""",Memcpy DtoH (Device -> Pinned),0,321.9989999997633,
297,0,19261.32800000017,0,0,"""""",cudaStreamSynchronize,19261.32800000017,0,
1,0,1356.351999999999,0,0,"""""",llava/model/language_model/custom_modeling_llama.py(1638): set_pruning_config,18.22500000000582,0,
1,0,14.47599999999511,0,0,"""""",llava/model/language_model/custom_modeling_llama.py(103): validate_pruning_config,13.380000000004657,0,
1750,0,1260.583999999115,0,0,"""""",torch/nn/modules/module.py(1954): __getattr__,1260.583999999115,0,
1,0,1320.5389999999898,0,0,"""""",llava/model/language_model/custom_modeling_llama.py(1442): set_pruning_config,78.3799999999028,0,
231,0,2108.1350000000966,0,0,"""""",torch/nn/modules/module.py(1971): __setattr__,936.4309999998659,0,
231,0,327.11099999996077,0,0,"""""",torch/nn/parameter.py(21): __instancecheck__,229.5739999999787,0,
462,0,68.21400000002177,0,0,"""""",<built-in method __instancecheck__ of _ParameterMeta object at 0x5a26e7773820>,68.21400000002177,0,
231,0,266.21799999990617,0,0,"""""",torch/nn/parameter.py(240): __instancecheck__,185.086000000083,0,
4,0,17.39900000001944,0,0,"""""",torch/nn/modules/container.py(408): __iter__,12.27499999999418,0,
32,0,1128.7300000000105,0,0,"""""",llava/model/language_model/custom_modeling_llama.py(544): set_pruning_config,98.38700000000244,0,
1,0,26420.89899999999,0,198.49999999998545,"""""",llava/model/language_model/llava_llama.py(36): set_num_images,184.90900000002875,0.0,
498,0,14456.706000000384,0,2538.4710000020714,"""""",aten::mul,10419.03699999937,2516.6470000021654,
92,0,0,0,101.21400000010908,"""""","void at::native::vectorized_elementwise_kernel<2, at::native::AUnaryFunctor<long, long, long, at::native::binary_internal::MulFunctor<long> >, std::array<char*, 2ul> >(int, at::native::AUnaryFunctor<long, long, long, at::native::binary_internal::MulFunctor<long> >, std::array<char*, 2ul>)",0,101.21400000010908,
394,0,16063.526000000507,0,1586.8970000008558,"""""",aten::add,12267.624000002295,1574.8340000009775,
62,0,0,0,71.55600000014238,"""""","void at::native::vectorized_elementwise_kernel<2, at::native::CUDAFunctorOnSelf_add<long>, std::array<char*, 2ul> >(int, at::native::CUDAFunctorOnSelf_add<long>, std::array<char*, 2ul>)",0,71.55600000014238,
32,0,11395.984999999957,0,193.891999999978,"""""",llava/model/language_model/custom_modeling_llama.py(579): set_num_images,927.5379999999859,0.0,
106,0,9088.44800000076,0,870.9870000005321,"""""",aten::div,7386.820000000429,848.2980000004318,
32,0,0,0,39.93799999998009,"""""","void at::native::unrolled_elementwise_kernel<at::native::BUnaryFunctor<float, float, float, at::native::binary_internal::MulFunctor<float> >, std::array<char*, 2ul>, 4, TrivialOffsetCalculator<1, unsigned int>, TrivialOffsetCalculator<1, unsigned int>, at::native::memory::LoadWithCast<1>, at::native::memory::StoreWithCast<1> >(int, at::native::BUnaryFunctor<float, float, float, at::native::binary_internal::MulFunctor<float> >, std::array<char*, 2ul>, TrivialOffsetCalculator<1, unsigned int>, TrivialOffsetCalculator<1, unsigned int>, at::native::memory::LoadWithCast<1>, at::native::memory::StoreWithCast<1>)",0,39.93799999998009,
1,0,352991.757,0,14059.497000026662,"""""",llava/model/llava_arch.py(145): prepare_inputs_labels_for_multimodal,580.6599999999162,0.0,
1,0,14.959000000002561,0,0,"""""",llava/model/llava_arch.py(137): get_vision_tower,5.7810000000026776,0,
4,0,14.135999999998603,0,0,"""""",llava/model/language_model/llava_llama.py(60): get_model,6.167000000044936,0,
2,0,8.36600000000908,0,0,"""""",llava/model/llava_arch.py(43): get_vision_tower,4.3140000000130385,0,
1,0,325411.18799999997,0,13947.981000027066,"""""",llava/model/llava_arch.py(140): encode_images,39.08199999999488,0.0,
1,0,319103.722,0,13625.98500002714,"""""",nn.Module: CLIPVisionTower_0,8.572999999974854,0.0,
754,0,3038176.5079999976,0,339212.33900020283,"""""",torch/nn/modules/module.py(1782): _call_impl,2537.615999999616,0.0,
758,0,879.7090000003082,0,0,"""""",<built-in method _get_tracing_state of pybind11_builtins.pybind11_detail_function_record_v1_system_libstdcpp_gxx_abi_1xxx_use_cxx11_abi_1 object at 0x71497381b890>,879.7090000003082,0,
1,0,319010.91599999997,0,13625.98500002714,"""""",llava/model/multimodal_encoder/clip_encoder.py(45): forward,24.29899999999907,0.0,
1,0,74.8020000000106,0,0,"""""",llava/model/multimodal_encoder/clip_encoder.py(67): device,5.193000000013853,0,
6,0,259.9870000000519,0,0,"""""",transformers/modeling_utils.py(905): device,8.523999999975786,0,
6,0,251.46300000007614,0,0,"""""",transformers/modeling_utils.py(206): get_parameter_device,25.004000000131782,0,
7,0,189.7700000000914,0,0,"""""",torch/nn/modules/module.py(2665): parameters,11.61700000014389,0,
7,0,178.1529999999475,0,0,"""""",torch/nn/modules/module.py(2690): named_parameters,14.28100000001723,0,
7,0,163.87199999993027,0,0,"""""",torch/nn/modules/module.py(2645): _named_members,56.079999999681604,0,
21,0,22.55500000009488,0,0,"""""",torch/nn/modules/module.py(2836): named_modules,17.698000000222237,0,
21,0,19.40500000002794,0,0,"""""",torch/nn/modules/module.py(2715): <lambda>,14.649000000077649,0,
21,0,52.68400000013935,0,0,"""""",torch/nn/modules/module.py(2876): named_modules,38.31100000019069,0,
21,0,36.422000000136904,0,0,"""""",torch/nn/modules/module.py(2881): named_modules,15.213000000163447,0,
14,0,11.095999999946798,0,0,"""""",torch/_tensor.py(1225): __hash__,7.057999999975436,0,
136,0,25.82400000016787,0,0,"""""",<built-in function id>,25.82400000016787,0,
7,0,52.63599999995495,0,0,"""""",torch/nn/modules/module.py(2688): parameters,37.02099999978964,0,
7,0,4.866000000038184,0,0,"""""",torch/nn/modules/module.py(2663): _named_members,4.866000000038184,0,
7,0,2.997000000003027,0,0,"""""",torch/nn/modules/module.py(2720): named_parameters,2.997000000003027,0,
1,0,70.59899999998743,0,0,"""""",llava/model/multimodal_encoder/clip_encoder.py(63): dtype,3.0350000000034925,0,
1,0,66.91799999999057,0,0,"""""",transformers/modeling_utils.py(913): dtype,3.834999999991851,0,
1,0,63.08299999999872,0,0,"""""",transformers/modeling_utils.py(239): get_parameter_dtype,39.42400000001362,0,
1,0,1.1419999999925494,0,0,"""""",<built-in method is_floating_point of Parameter object at 0x71477c512f30>,1.1419999999925494,0,
1,0,318793.355,0,13625.98500002714,"""""",nn.Module: CLIPVisionModel_0,5.352999999944586,0.0,
1,0,318778.591,0,13625.98500002714,"""""",transformers/models/clip/modeling_clip.py(884): forward,12.584000000031665,0.0,
1,0,4.295000000012806,0,0,"""""",transformers/configuration_utils.py(387): use_return_dict,1.5800000000017462,0,
1,0,318755.738,0,13625.98500002714,"""""",nn.Module: CLIPVisionTransformer_0,5.076000000000931,0.0,
1,0,318743.32,0,13625.98500002714,"""""",transformers/models/clip/modeling_clip.py(819): forward,119.06500000000233,0.0,
1,0,104149.532,0,2008.3699999997916,"""""",nn.Module: CLIPVisionEmbeddings_0,3.2229999999981374,0.0,
1,0,104138.40299999999,0,2008.3699999997916,"""""",transformers/models/clip/modeling_clip.py(179): forward,127.21999999998661,0.0,
1,0,96542.22,0,1977.2659999997995,"""""",nn.Module: Conv2d_0,4.384000000020023,0.0,
1,0,96531.54799999998,0,1977.2659999997995,"""""",torch/nn/modules/conv.py(564): forward,5.842999999978929,0.0,
1,0,96524.978,0,1977.2659999997995,"""""",torch/nn/modules/conv.py(546): _conv_forward,9.703999999997905,0.0,
1,0,96515.274,0,1977.2659999997995,"""""",<built-in method conv2d of type object at 0x71495b359d60>,87.23099999999977,0.0,
1,0,96428.043,0,1977.2659999997995,"""""",aten::conv2d,20.177000000025146,0.0,
1,0,96407.86599999998,0,1977.2659999997995,"""""",aten::convolution,18.813999999983935,0.0,
1,0,96389.052,0,1977.2659999997995,"""""",aten::_convolution,715.3489999999874,0.0,
1,0,95673.70300000001,0,1977.2659999997995,"""""",aten::cudnn_convolution,86927.78100000005,48.22599999999511,
2,0,41.4429999999993,0,0,"""""",cudaFree,41.4429999999993,0,
2,0,0.4880000000121072,0,0,"""""",cudaGetDeviceCount,0.4880000000121072,0,
1,0,0.35300000000279397,0,0,"""""",cudaDriverGetVersion,0.35300000000279397,0,
289,0,2485.1970000004803,0,0,"""""",cudaDeviceGetAttribute,2485.1970000004803,0,
1,0,0.20100000000093132,0,0,"""""",cudaGetDeviceProperties_v2,0.20100000000093132,0,
16,0,234.178000000029,0,0,"""""",cudaStreamCreateWithFlags,234.178000000029,0,
335,0,1914.7669999994105,0,0,"""""",cudaMemsetAsync,1914.7669999994105,0,
309,0,0,0,197.70300000015413,"""""",Memset (Device),0,197.70300000015413,
1,0,1.5299999999988358,0,0,"""""",cudaHostGetDevicePointer,1.5299999999988358,0,
105,0,63.83899999974528,0,0,"""""",cudaPeekAtLastError,63.83899999974528,0,
99,0,8048.588999999978,0,1843.657999999763,"""""",cudaFuncGetAttributes,1478.2579999998852,0.0,
28,0,55120.94300000006,0,1078.4000000004016,"""""",Runtime Triggered Module Loading,55120.94300000006,1078.4000000004016,
1,0,0,0,1.2159999999857973,"""""","void cask__5x_cudnn::computeOffsetsKernel<false, false>(cask__5x_cudnn::ComputeOffsetsParams)",0,1.2159999999857973,
1,0,0,0,45.28200000000652,"""""",_5x_cudnn_ampere_fp16_scudnn_fp16_128x64_relu_xregs_large_nn_v1,0,45.28200000000652,
1,0,84.83699999999953,0,0,"""""",<built-in method flatten of Tensor object at 0x7146fb59da40>,61.81700000001001,0,
2,0,27.283999999955995,0,0,"""""",aten::flatten,18.600999999966007,0,
281,0,2094.0970000007073,0,0,"""""",<built-in method transpose of Tensor object at 0x7146fb59da90>,941.4430000007269,0,
656,0,3001.187000000238,0,0,"""""",aten::transpose,2170.9689999999246,0,
3,0,47.004999999917345,0,0,"""""",<built-in method expand of Parameter object at 0x71477c512f30>,18.482999999745516,0,
75,0,8501.765000000101,0,620.2859999990906,"""""",<built-in method cat of type object at 0x71495b359d60>,481.00200000050245,0.0,
1,0,0,0,10.689000000013039,"""""","void at::native::(anonymous namespace)::CatArrayBatchedCopy<at::native::(anonymous namespace)::OpaqueType<2u>, unsigned int, 3, 64, 64>(at::native::(anonymous namespace)::OpaqueType<2u>*, at::native::(anonymous namespace)::CatArrInputTensorMetadata<at::native::(anonymous namespace)::OpaqueType<2u>, unsigned int, 64, 64>, at::native::(anonymous namespace)::TensorSizeStride<unsigned int, 4u>, int, unsigned int)",0,10.689000000013039,
1,0,848.6510000000126,0,6.143999999971129,"""""",nn.Module: Embedding_0,8.035000000003492,0.0,
2,0,926.6780000000144,0,8.319999999948777,"""""",torch/nn/modules/sparse.py(188): forward,19.89399999997113,0.0,
2,0,905.0329999999958,0,8.319999999948777,"""""",torch/nn/functional.py(2455): embedding,16.718000000022585,0.0,
52,0,21.71700000014971,0,0,"""""",<built-in function _has_torch_function_variadic>,21.71700000014971,0,
2,0,886.8039999999746,0,8.319999999948777,"""""",<built-in method embedding of type object at 0x71495b359d60>,77.28099999992992,0.0,
2,0,809.5230000000447,0,8.319999999948777,"""""",aten::embedding,40.438000000081956,0.0,
488,0,2670.5810000002966,0,96.58099999994738,"""""",aten::reshape,1338.5390000019688,0.0,
2,0,748.0919999999751,0,8.319999999948777,"""""",aten::index_select,93.43100000004051,0.0,
19,0,104.60100000008242,0,0,"""""",aten::resize_,104.60100000008242,0,
2,0,585.9259999999776,0,8.319999999948777,"""""",aten::gather,248.38399999996182,5.247999999963213,
76,0,0,0,120.51799999986542,"""""","void at::native::vectorized_gather_kernel<16, long>(char*, char*, long*, int, long, long, long, long, bool)",0,120.51799999986542,
113,0,0,0,467.2220000002126,"""""","void at::native::vectorized_elementwise_kernel<4, at::native::CUDAFunctor_add<c10::Half>, std::array<char*, 3ul> >(int, at::native::CUDAFunctor_add<c10::Half>, std::array<char*, 3ul>)",0,467.2220000002126,
1,0,9113.290999999997,0,6.976000000024214,"""""",nn.Module: LayerNorm_0,5.130999999993946,0.0,
50,0,12079.395999999892,0,178.15600000001723,"""""",torch/nn/modules/normalization.py(227): forward,128.10299999965355,0.0,
50,0,11918.328000000154,0,178.15600000001723,"""""",torch/nn/functional.py(2918): layer_norm,179.20300000053248,0.0,
50,0,54.258999999874504,0,0,"""""",torch/backends/__init__.py(41): __get__,30.284999999945285,0,
50,0,23.97399999992922,0,0,"""""",<built-in function _get_cudnn_enabled>,23.97399999992922,0,
50,0,11664.659999999596,0,178.15600000001723,"""""",<built-in method layer_norm of type object at 0x71495b359d60>,952.5939999997499,0.0,
50,0,10712.065999999846,0,178.15600000001723,"""""",aten::layer_norm,684.8430000000226,0.0,
50,0,10027.222999999824,0,178.15600000001723,"""""",aten::native_layer_norm,7528.457999998936,174.66800000000512,
50,0,0,0,174.66800000000512,"""""","void at::native::(anonymous namespace)::vectorized_layer_norm_kernel<c10::Half, float, false>(int, float, c10::Half const*, c10::Half const*, c10::Half const*, float*, float*, c10::Half*)",0,174.66800000000512,
1,0,205207.20999999996,0,11607.9510000273,"""""",nn.Module: CLIPEncoder_0,7.2149999999383,0.0,
1,0,205178.22300000003,0,11607.9510000273,"""""",transformers/models/clip/modeling_clip.py(570): forward,244.6160000000673,0.0,
1,0,177880.392,0,6000.58500002668,"""""",nn.Module: CLIPEncoderLayer_0,3.970999999990454,0.0,
24,0,204647.9110000002,0,11607.9510000273,"""""",transformers/models/clip/modeling_clip.py(352): forward,1026.3089999997464,0.0,
1,0,121.52500000002328,0,3.4239999999990687,"""""",nn.Module: LayerNorm_1,2.5050000000046566,0.0,
1,0,166999.21700000003,0,5789.345000026573,"""""",nn.Module: CLIPAttention_0,3.9160000000265427,0.0,
24,0,183527.7749999999,0,8867.945000026724,"""""",transformers/models/clip/modeling_clip.py(249): forward,2014.3559999985155,0.0,
248,0,265.88799999959883,0,0,"""""",<built-in method size of Tensor object at 0x7146fb59dd10>,265.88799999959883,0,
1,0,147964.252,0,5620.251000026765,"""""",nn.Module: Linear_0,4.474000000016531,0.0,
371,0,189527.55699999962,0,50549.81000002741,"""""",torch/nn/modules/linear.py(130): forward,550.8159999982745,0.0,
371,0,188699.21200000087,0,50549.81000002741,"""""",<built-in function linear>,1758.038000000728,0.0,
371,0,186941.17400000014,0,50549.81000002741,"""""",aten::linear,2547.7160000003933,0.0,
375,0,3122.8030000002764,0,0,"""""",aten::t,1274.2700000000186,0,
146,0,157552.55699999983,0,9736.89000002679,"""""",aten::addmm,90416.47600000017,3903.1560000001336,
3,0,2.438999999954831,0,0,"""""",INVALID,2.438999999954831,0,
1,0,267.19800000000396,0,15.743000000074971,"""""",cudaGetSymbolAddress,125.8640000000014,0.0,
348,0,59386.03899999973,0,5573.02200002654,"""""",cudaFuncSetAttribute,5027.241999999591,0.0,
242,0,1611.3939999997965,0,0,"""""",cuLaunchKernel,1611.3939999997965,0,
148,0,0,0,5751.904000000388,"""""",void cutlass::Kernel2<cutlass_80_tensorop_f16_s16816gemm_relu_f16_64x64_32x6_tn_align8>(cutlass_80_tensorop_f16_s16816gemm_relu_f16_64x64_32x6_tn_align8::Params),0,5751.904000000388,
48,0,0,0,118.4340000001248,"""""","void at::native::vectorized_elementwise_kernel<4, at::native::AUnaryFunctor<c10::Half, c10::Half, c10::Half, at::native::binary_internal::MulFunctor<float> >, std::array<char*, 2ul> >(int, at::native::AUnaryFunctor<c10::Half, c10::Half, c10::Half, at::native::binary_internal::MulFunctor<float> >, std::array<char*, 2ul>)",0,118.4340000001248,
1,0,161.86800000001676,0,15.521000000066124,"""""",nn.Module: Linear_1,5.526000000012573,0.0,
72,0,3701.7860000001965,0,184.64500000001863,"""""",transformers/models/clip/modeling_clip.py(246): _shape,204.48200000007637,0.0,
286,0,1398.089000000793,0,0,"""""",<built-in method view of Tensor object at 0x7146fb59def0>,1089.4640000010259,0,
125,0,4824.861999999208,0,419.05700000049546,"""""",<built-in method contiguous of Tensor object at 0x7146fb59e080>,644.6019999994896,0.0,
125,0,4180.259999999718,0,419.05700000049546,"""""",aten::contiguous,257.76699999987613,0.0,
193,0,6074.183999999776,0,560.8929999999818,"""""",aten::clone,1059.045999999158,0.0,
150,0,0,0,515.0940000003902,"""""","void at::native::elementwise_kernel<128, 4, at::native::gpu_kernel_impl_nocast<at::native::direct_copy_kernel_cuda(at::TensorIteratorBase&)::{lambda()#3}::operator()() const::{lambda()#10}::operator()() const::{lambda(c10::Half)#1}>(at::TensorIteratorBase&, at::native::direct_copy_kernel_cuda(at::TensorIteratorBase&)::{lambda()#3}::operator()() const::{lambda()#10}::operator()() const::{lambda(c10::Half)#1} const&)::{lambda(int)#1}>(int, at::native::gpu_kernel_impl_nocast<at::native::direct_copy_kernel_cuda(at::TensorIteratorBase&)::{lambda()#3}::operator()() const::{lambda()#10}::operator()() const::{lambda(c10::Half)#1}>(at::TensorIteratorBase&, at::native::direct_copy_kernel_cuda(at::TensorIteratorBase&)::{lambda()#3}::operator()() const::{lambda()#10}::operator()() const::{lambda(c10::Half)#1} const&)::{lambda(int)#1})",0,515.0940000003902,
1,0,88.22899999999208,0,15.35999999998603,"""""",nn.Module: Linear_2,2.7969999999622814,0.0,
48,0,2253.4259999999776,0,957.8649999999325,"""""",<built-in method bmm of type object at 0x71495b359d60>,202.82499999995343,0.0,
112,0,5910.164000000106,0,2340.4579999994603,"""""",aten::bmm,4355.82199999952,2232.578999999794,
24,0,0,0,520.3100000001141,"""""",void cutlass::Kernel2<cutlass_75_tensorop_f16_s1688gemm_f16_64x64_tn_align1>(cutlass_75_tensorop_f16_s1688gemm_f16_64x64_tn_align1::Params),0,520.3100000001141,
56,0,19010.050000000105,0,1241.112999999721,"""""",torch/nn/functional.py(2122): softmax,88.93900000024587,0.0,
147,0,47.381000000517815,0,0,"""""",<built-in function _has_torch_function_unary>,47.381000000517815,0,
56,0,18903.087999999872,0,1241.112999999721,"""""",<built-in method softmax of Tensor object at 0x7146fb59e030>,307.27700000000186,0.0,
56,0,18595.81099999987,0,1241.112999999721,"""""",aten::softmax,206.76700000005076,0.0,
56,0,18389.04399999982,0,1241.112999999721,"""""",aten::_softmax,14552.918999999587,1179.5419999997248,
24,0,0,0,354.12799999996787,"""""","void (anonymous namespace)::softmax_warp_forward<c10::Half, c10::Half, float, 10, false, false, 32>(c10::Half*, c10::Half const*, int, int, int, bool const*, int, bool)",0,354.12799999996787,
56,0,858.9050000004354,0,0,"""""",torch/nn/functional.py(1419): dropout,407.8910000008764,0,
57,0,87.75999999977648,0,0,"""""",torch/_VF.py(27): __getattr__,47.21799999970244,0,
56,0,350.2889999995823,0,0,"""""",<built-in method dropout of type object at 0x71495b359d60>,305.9089999993448,0,
56,0,44.38000000023749,0,0,"""""",aten::dropout,44.38000000023749,0,
24,0,0,0,399.18499999988126,"""""",void cutlass::Kernel2<cutlass_75_tensorop_f16_s1688gemm_f16_64x64_nn_align1>(cutlass_75_tensorop_f16_s1688gemm_f16_64x64_nn_align1::Params),0,399.18499999988126,
56,0,1321.4750000005006,0,96.58099999994738,"""""",<built-in method reshape of Tensor object at 0x7146fb59e1c0>,236.48299999994924,0.0,
313,0,360.3710000010906,0,0,"""""",aten::_unsafe_view,360.3710000010906,0,
1,0,158.86700000002747,0,15.39299999998184,"""""",nn.Module: Linear_3,5.967000000004191,0.0,
1,0,96.84500000003027,0,3.5200000000186265,"""""",nn.Module: LayerNorm_2,2.7610000000568107,0.0,
1,0,10491.579000000027,0,200.77600000007078,"""""",nn.Module: CLIPMLP_0,3.1160000000381842,0.0,
24,0,15599.881000000285,0,2486.676000000385,"""""",transformers/models/clip/modeling_clip.py(336): forward,495.2680000004475,0.0,
1,0,96.82699999999022,0,41.79399999999441,"""""",nn.Module: Linear_4,1.8150000000023283,0.0,
1,0,5883.219999999972,0,19.87200000009034,"""""",nn.Module: QuickGELUActivation_0,3.8259999999427237,0.0,
24,0,7419.235999999975,0,286.83100000041304,"""""",transformers/activations.py(96): forward,402.93399999989197,0.0,
24,0,6133.432999999961,0,97.47700000007171,"""""",<built-in method sigmoid of type object at 0x71495b359d60>,132.85399999999208,0.0,
24,0,6000.578999999969,0,97.47700000007171,"""""",aten::sigmoid,4857.998999999894,93.57300000003306,
24,0,0,0,93.57300000003306,"""""","void at::native::vectorized_elementwise_kernel<4, at::native::sigmoid_kernel_cuda(at::TensorIteratorBase&)::{lambda()#2}::operator()() const::{lambda()#3}::operator()() const::{lambda(c10::Half)#1}, std::array<char*, 2ul> >(int, at::native::sigmoid_kernel_cuda(at::TensorIteratorBase&)::{lambda()#2}::operator()() const::{lambda()#3}::operator()() const::{lambda(c10::Half)#1}, std::array<char*, 2ul>)",0,93.57300000003306,
77,0,0,0,749.5690000000177,"""""","void at::native::vectorized_elementwise_kernel<4, at::native::BinaryFunctor<c10::Half, c10::Half, c10::Half, at::native::binary_internal::MulFunctor<float> >, std::array<char*, 3ul> >(int, at::native::BinaryFunctor<c10::Half, c10::Half, c10::Half, at::native::binary_internal::MulFunctor<float> >, std::array<char*, 3ul>)",0,749.5690000000177,
1,0,4441.785999999964,0,139.10999999998603,"""""",nn.Module: Linear_5,4.710999999952037,0.0,
252,0,4807.6849999999395,0,775.0739999999641,"""""",cudaOccupancyMaxActiveBlocksPerMultiprocessor,831.2230000000563,0.0,
24,0,0,0,1095.761999999988,"""""",ampere_fp16_s1688gemm_fp16_64x128_sliced1x2_ldg8_relu_f2f_tn,0,1095.761999999988,
1,0,1413.4760000000242,0,235.88199999986682,"""""",nn.Module: CLIPEncoderLayer_1,4.377000000036787,0.0,
1,0,100.38799999997718,0,3.8730000000214204,"""""",nn.Module: LayerNorm_3,1.981000000028871,0.0,
1,0,885.4040000000386,0,125.95699999987846,"""""",nn.Module: CLIPAttention_1,2.700000000069849,0.0,
1,0,103.91599999996834,0,15.423999999940861,"""""",nn.Module: Linear_6,1.7980000000097789,0.0,
1,0,72.4090000000433,0,15.295999999972992,"""""",nn.Module: Linear_7,1.9490000000223517,0.0,
1,0,62.31399999995483,0,15.36099999997532,"""""",nn.Module: Linear_8,1.8599999999278225,0.0,
1,0,83.41800000000512,0,15.584999999962747,"""""",nn.Module: Linear_9,3.3040000000037253,0.0,
1,0,69.91200000001118,0,3.456000000005588,"""""",nn.Module: LayerNorm_4,1.9760000000242144,0.0,
1,0,252.45699999999488,0,99.04399999999441,"""""",nn.Module: CLIPMLP_1,1.5579999999608845,0.0,
1,0,71.84999999997672,0,41.505999999993946,"""""",nn.Module: Linear_10,1.3879999999771826,0.0,
1,0,84.52700000000186,0,11.647999999986496,"""""",nn.Module: QuickGELUActivation_1,1.4600000000209548,0.0,
1,0,67.02600000001257,0,45.89000000001397,"""""",nn.Module: Linear_11,1.6900000000023283,0.0,
1,0,1283.6889999999548,0,236.42500000004657,"""""",nn.Module: CLIPEncoderLayer_2,3.36099999997532,0.0,
1,0,68.68599999998696,0,3.456000000005588,"""""",nn.Module: LayerNorm_5,1.7119999999995343,0.0,
1,0,825.8010000000359,0,126.11700000002747,"""""",nn.Module: CLIPAttention_2,3.3540000000502914,0.0,
1,0,145.84400000004098,0,15.295999999972992,"""""",nn.Module: Linear_12,1.7720000000554137,0.0,
1,0,62.976000000024214,0,15.329000000027008,"""""",nn.Module: Linear_13,1.9450000000651926,0.0,
1,0,62.550000000046566,0,15.456000000063796,"""""",nn.Module: Linear_14,1.9740000000456348,0.0,
1,0,69.70300000003772,0,15.36099999997532,"""""",nn.Module: Linear_15,2.7330000000656582,0.0,
1,0,69.62800000002608,0,3.8720000000321306,"""""",nn.Module: LayerNorm_6,1.9140000000479631,0.0,
1,0,232.80400000000373,0,99.49199999996927,"""""",nn.Module: CLIPMLP_2,1.4140000000479631,0.0,
1,0,56.52400000003399,0,41.79399999999441,"""""",nn.Module: Linear_16,1.3479999999981374,0.0,
1,0,74.48000000003958,0,11.39299999998184,"""""",nn.Module: QuickGELUActivation_2,1.5100000000675209,0.0,
1,0,65.80999999999767,0,46.304999999993015,"""""",nn.Module: Linear_17,1.8380000000470318,0.0,
1,0,1120.0960000000196,0,237.29199999989942,"""""",nn.Module: CLIPEncoderLayer_3,3.0289999999804422,0.0,
1,0,59.853999999992084,0,3.4249999999883585,"""""",nn.Module: LayerNorm_7,1.5530000000144355,0.0,
1,0,696.5899999999674,0,127.17399999999907,"""""",nn.Module: CLIPAttention_3,2.265999999945052,0.0,
1,0,63.59999999997672,0,15.361000000033528,"""""",nn.Module: Linear_18,1.5029999999678694,0.0,
1,0,59.15799999999581,0,15.328000000037719,"""""",nn.Module: Linear_19,1.6240000000107102,0.0,
1,0,63.66899999999441,0,15.424999999988358,"""""",nn.Module: Linear_20,1.8250000000116415,0.0,
1,0,69.48800000001211,0,15.616999999969266,"""""",nn.Module: Linear_21,2.6410000000032596,0.0,
1,0,61.448999999964144,0,3.4249999999883585,"""""",nn.Module: LayerNorm_8,1.8659999999799766,0.0,
1,0,219.1140000000014,0,99.65199999988545,"""""",nn.Module: CLIPMLP_3,1.3229999999748543,0.0,
1,0,61.197999999974854,0,41.76199999998789,"""""",nn.Module: Linear_22,1.3729999999632128,0.0,
1,0,72.76300000003539,0,11.647999999986496,"""""",nn.Module: QuickGELUActivation_3,1.5550000000512227,0.0,
1,0,61.01900000002934,0,46.24199999991106,"""""",nn.Module: Linear_23,1.5550000000512227,0.0,
1,0,1167.1410000000033,0,236.42799999995623,"""""",nn.Module: CLIPEncoderLayer_4,2.1859999999869615,0.0,
1,0,62.176000000035856,0,3.617000000027474,"""""",nn.Module: LayerNorm_9,1.9230000000679865,0.0,
1,0,729.8400000000256,0,126.21500000002561,"""""",nn.Module: CLIPAttention_4,1.9660000000149012,0.0,
1,0,62.17399999999907,0,15.680999999982305,"""""",nn.Module: Linear_24,1.6570000000065193,0.0,
1,0,61.286000000021886,0,15.296999999962281,"""""",nn.Module: Linear_25,1.8530000000610016,0.0,
1,0,93.29200000001583,0,15.3289999999688,"""""",nn.Module: Linear_26,1.7980000000097789,0.0,
1,0,70.84600000001956,0,15.521000000007916,"""""",nn.Module: Linear_27,2.493000000016764,0.0,
1,0,60.008999999961816,0,3.647999999986496,"""""",nn.Module: LayerNorm_10,1.820999999938067,0.0,
1,0,216.86800000001676,0,99.45999999990454,"""""",nn.Module: CLIPMLP_4,1.5860000000102445,0.0,
1,0,57.835000000020955,0,42.1129999999539,"""""",nn.Module: Linear_28,1.2989999999990687,0.0,
1,0,71.28499999997439,0,11.521000000007916,"""""",nn.Module: QuickGELUActivation_4,1.4449999999487773,0.0,
1,0,60.632000000041444,0,45.825999999942724,"""""",nn.Module: Linear_29,1.4830000000656582,0.0,
1,0,1131.8669999999693,0,236.58800000027986,"""""",nn.Module: CLIPEncoderLayer_5,2.1279999999678694,0.0,
1,0,73.58600000001024,0,3.775999999954365,"""""",nn.Module: LayerNorm_11,1.4230000000097789,0.0,
1,0,704.0810000000056,0,125.63900000025751,"""""",nn.Module: CLIPAttention_5,2.0460000000311993,0.0,
1,0,78.85599999997066,0,15.265000000072177,"""""",nn.Module: Linear_30,4.489000000001397,0.0,
1,0,67.33199999999488,0,15.32999999995809,"""""",nn.Module: Linear_31,1.9439999999594875,0.0,
1,0,59.64000000001397,0,15.328000000037719,"""""",nn.Module: Linear_32,1.875,0.0,
1,0,65.54699999996228,0,15.457000000053085,"""""",nn.Module: Linear_33,2.1839999999501742,0.0,
1,0,64.18400000000838,0,3.4569999999948777,"""""",nn.Module: LayerNorm_12,1.5910000000149012,0.0,
1,0,212.84899999998743,0,100.13100000005215,"""""",nn.Module: CLIPMLP_5,1.4180000000051223,0.0,
1,0,54.49699999997392,0,41.72900000005029,"""""",nn.Module: Linear_34,1.4160000000265427,0.0,
1,0,66.86700000002747,0,11.39199999999255,"""""",nn.Module: QuickGELUActivation_5,1.5040000000735745,0.0,
1,0,61.896999999997206,0,47.01000000000931,"""""",nn.Module: Linear_35,1.6670000000158325,0.0,
1,0,1191.2609999999986,0,235.94799999997485,"""""",nn.Module: CLIPEncoderLayer_6,2.287000000011176,0.0,
1,0,57.788999999989755,0,3.3919999999925494,"""""",nn.Module: LayerNorm_13,1.4619999999995343,0.0,
1,0,668.6699999999837,0,126.40699999994831,"""""",nn.Module: CLIPAttention_6,1.9679999999934807,0.0,
1,0,62.89199999999255,0,15.26400000002468,"""""",nn.Module: Linear_36,1.5939999999827705,0.0,
1,0,56.18900000001304,0,15.232999999949243,"""""",nn.Module: Linear_37,1.6890000000130385,0.0,
1,0,58.20100000000093,0,15.232999999949243,"""""",nn.Module: Linear_38,1.8269999999902211,0.0,
1,0,65.44999999995343,0,15.45699999993667,"""""",nn.Module: Linear_39,2.5270000000018626,0.0,
1,0,64.88200000004144,0,3.4569999999948777,"""""",nn.Module: LayerNorm_14,1.6150000000488944,0.0,
1,0,309.2849999999744,0,99.17200000002049,"""""",nn.Module: CLIPMLP_6,1.257999999972526,0.0,
1,0,60.24800000002142,0,41.95400000002701,"""""",nn.Module: Linear_40,1.2830000000540167,0.0,
1,0,70.75599999999395,0,11.552000000025146,"""""",nn.Module: QuickGELUActivation_6,1.3919999999925494,0.0,
1,0,146.00599999999395,0,45.665999999968335,"""""",nn.Module: Linear_41,1.9359999999869615,0.0,
1,0,1121.0169999999925,0,340.6590000001015,"""""",nn.Module: CLIPEncoderLayer_7,2.342000000004191,0.0,
1,0,61.19900000002235,0,3.425000000046566,"""""",nn.Module: LayerNorm_15,1.6330000000307336,0.0,
1,0,684.789999999979,0,231.33900000009453,"""""",nn.Module: CLIPAttention_7,2.0029999999678694,0.0,
1,0,66.06599999999162,0,17.986000000033528,"""""",nn.Module: Linear_42,2.117999999958556,0.0,
1,0,59.25199999997858,0,114.59700000000885,"""""",nn.Module: Linear_43,1.7129999999888241,0.0,
1,0,60.28499999997439,0,17.569000000017695,"""""",nn.Module: Linear_44,1.8470000000088476,0.0,
1,0,66.58800000004703,0,15.553000000014435,"""""",nn.Module: Linear_45,2.3400000000256114,0.0,
1,0,72.97899999999208,0,3.456000000005588,"""""",nn.Module: LayerNorm_16,1.6490000000339933,0.0,
1,0,221.11900000000605,0,98.8859999999986,"""""",nn.Module: CLIPMLP_7,1.4140000000479631,0.0,
1,0,58.20100000000093,0,41.34700000000885,"""""",nn.Module: Linear_46,1.3059999999823049,0.0,
1,0,71.0460000000312,0,11.616999999969266,"""""",nn.Module: QuickGELUActivation_7,1.312000000034459,0.0,
1,0,62.26600000000326,0,45.92200000002049,"""""",nn.Module: Linear_47,1.7189999999827705,0.0,
1,0,1118.2360000000335,0,236.45699999999488,"""""",nn.Module: CLIPEncoderLayer_8,2.2580000000307336,0.0,
1,0,59.413000000000466,0,3.9039999999804422,"""""",nn.Module: LayerNorm_17,1.4020000000018626,0.0,
1,0,698.1210000000428,0,126.17999999999302,"""""",nn.Module: CLIPAttention_8,2.3310000000637956,0.0,
1,0,68.2280000000028,0,15.36099999997532,"""""",nn.Module: Linear_48,1.959000000031665,0.0,
1,0,59.14100000000326,0,15.393000000040047,"""""",nn.Module: Linear_49,1.7160000000149012,0.0,
1,0,59.179000000003725,0,15.361000000033528,"""""",nn.Module: Linear_50,1.6670000000158325,0.0,
1,0,76.97100000001956,0,15.390999999945052,"""""",nn.Module: Linear_51,2.422000000020489,0.0,
1,0,63.29399999999441,0,3.456000000005588,"""""",nn.Module: LayerNorm_18,1.8759999999892898,0.0,
1,0,216.26400000002468,0,99.42900000000373,"""""",nn.Module: CLIPMLP_8,1.2490000000107102,0.0,
1,0,61.49799999996321,0,41.505999999993946,"""""",nn.Module: Linear_52,1.2749999999650754,0.0,
1,0,70.31299999996554,0,11.616000000038184,"""""",nn.Module: QuickGELUActivation_8,1.3459999999613501,0.0,
1,0,59.81300000002375,0,46.306999999971595,"""""",nn.Module: Linear_53,1.5310000000172295,0.0,
1,0,1124.191999999981,0,235.6239999999525,"""""",nn.Module: CLIPEncoderLayer_9,2.132999999972526,0.0,
1,0,59.5789999999688,0,3.3919999999925494,"""""",nn.Module: LayerNorm_19,1.5179999999818392,0.0,
1,0,701.6469999999972,0,126.14599999994971,"""""",nn.Module: CLIPAttention_9,2.1520000000018626,0.0,
1,0,62.928000000014435,0,15.361000000033528,"""""",nn.Module: Linear_54,1.4579999999841675,0.0,
1,0,65.11300000001211,0,15.328000000037719,"""""",nn.Module: Linear_55,2.426000000035856,0.0,
1,0,62.26299999997718,0,15.423999999940861,"""""",nn.Module: Linear_56,1.7660000000032596,0.0,
1,0,67.14400000002934,0,15.327999999921303,"""""",nn.Module: Linear_57,2.2290000000502914,0.0,
1,0,59.397999999986496,0,3.488000000012107,"""""",nn.Module: LayerNorm_20,1.7959999999729916,0.0,
1,0,214.5100000000093,0,99.07799999997951,"""""",nn.Module: CLIPMLP_9,1.3970000000554137,0.0,
1,0,56.695000000006985,0,41.82600000000093,"""""",nn.Module: Linear_58,1.4820000000181608,0.0,
1,0,69.75099999998929,0,11.393999999971129,"""""",nn.Module: QuickGELUActivation_9,1.3809999999939464,0.0,
1,0,60.1359999999986,0,45.85800000000745,"""""",nn.Module: Linear_59,1.5750000000116415,0.0,
1,0,1107.0219999999972,0,236.77800000004936,"""""",nn.Module: CLIPEncoderLayer_10,2.559000000008382,0.0,
1,0,62.536000000021886,0,3.392000000050757,"""""",nn.Module: LayerNorm_21,1.4330000000190921,0.0,
1,0,662.820000000007,0,126.72499999997672,"""""",nn.Module: CLIPAttention_10,2.657999999995809,0.0,
1,0,63.94700000004377,0,15.264999999955762,"""""",nn.Module: Linear_60,1.462000000057742,0.0,
1,0,58.98399999999674,0,15.39299999998184,"""""",nn.Module: Linear_61,1.7079999999841675,0.0,
1,0,56.869000000006054,0,15.488000000070315,"""""",nn.Module: Linear_62,1.8430000000516884,0.0,
1,0,65.67399999999907,0,15.520000000076834,"""""",nn.Module: Linear_63,2.4039999999804422,0.0,
1,0,65.71999999997206,0,3.5200000000186265,"""""",nn.Module: LayerNorm_22,2.35999999998603,0.0,
1,0,232.15700000000652,0,99.68400000000838,"""""",nn.Module: CLIPMLP_10,1.5760000000009313,0.0,
1,0,58.944000000017695,0,41.69800000003306,"""""",nn.Module: Linear_64,1.5570000000298023,0.0,
1,0,74.64100000000326,0,11.679999999993015,"""""",nn.Module: QuickGELUActivation_10,1.631000000052154,0.0,
1,0,71.75299999996787,0,46.305999999982305,"""""",nn.Module: Linear_65,1.7629999999771826,0.0,
1,0,1249.1560000000172,0,235.91599999991013,"""""",nn.Module: CLIPEncoderLayer_11,2.469000000040978,0.0,
1,0,61.571999999985565,0,3.519999999960419,"""""",nn.Module: LayerNorm_23,1.4170000000158325,0.0,
1,0,717.8190000000177,0,125.79999999998836,"""""",nn.Module: CLIPAttention_11,2.669999999983702,0.0,
1,0,62.197999999974854,0,15.35999999998603,"""""",nn.Module: Linear_66,1.4649999999674037,0.0,
1,0,60.13799999997718,0,15.48899999994319,"""""",nn.Module: Linear_67,1.7999999999301508,0.0,
1,0,62.913000000000466,0,15.361000000033528,"""""",nn.Module: Linear_68,1.801000000035856,0.0,
1,0,66.39199999999255,0,15.361000000033528,"""""",nn.Module: Linear_69,2.3800000000046566,0.0,
1,0,87.0229999999865,0,3.456000000005588,"""""",nn.Module: LayerNorm_24,1.7079999999841675,0.0,
1,0,296.66300000000047,0,99.58799999993062,"""""",nn.Module: CLIPMLP_11,1.4130000000004657,0.0,
1,0,134.7149999999674,0,41.76199999998789,"""""",nn.Module: Linear_70,1.5009999999892898,0.0,
1,0,72.39299999998184,0,11.743999999947846,"""""",nn.Module: QuickGELUActivation_11,1.437999999965541,0.0,
1,0,62.22999999998137,0,46.08199999999488,"""""",nn.Module: Linear_71,1.646999999997206,0.0,
1,0,1382.9729999999981,0,236.49200000008568,"""""",nn.Module: CLIPEncoderLayer_12,2.280999999959022,0.0,
1,0,69.399000000034,0,3.3919999999925494,"""""",nn.Module: LayerNorm_25,1.473000000056345,0.0,
1,0,939.6869999999763,0,126.50099999998929,"""""",nn.Module: CLIPAttention_12,2.049999999930151,0.0,
1,0,63.2269999999553,0,15.263999999966472,"""""",nn.Module: Linear_72,1.6289999999571592,0.0,
1,0,57.677000000025146,0,15.328000000037719,"""""",nn.Module: Linear_73,1.6710000000311993,0.0,
1,0,57.01600000000326,0,15.393000000040047,"""""",nn.Module: Linear_74,1.5300000000279397,0.0,
1,0,77.45700000005309,0,15.807999999960884,"""""",nn.Module: Linear_75,2.6210000001010485,0.0,
1,0,62.35800000000745,0,3.5530000000144355,"""""",nn.Module: LayerNorm_26,1.8360000000102445,0.0,
1,0,221.08199999999488,0,99.46100000006845,"""""",nn.Module: CLIPMLP_12,1.3209999999962747,0.0,
1,0,62.14399999997113,0,41.63400000002002,"""""",nn.Module: Linear_76,1.2479999999632128,0.0,
1,0,72.47299999999814,0,11.616000000096392,"""""",nn.Module: QuickGELUActivation_12,1.2870000000111759,0.0,
1,0,61.80900000000838,0,46.21099999995204,"""""",nn.Module: Linear_77,1.4410000000498258,0.0,
1,0,1135.369000000006,0,235.6590000001015,"""""",nn.Module: CLIPEncoderLayer_13,2.293999999994412,0.0,
1,0,60.98700000002282,0,3.392999999981839,"""""",nn.Module: LayerNorm_27,1.5990000000456348,0.0,
1,0,691.2060000000056,0,125.25400000007357,"""""",nn.Module: CLIPAttention_13,1.9980000000214204,0.0,
1,0,63.93900000001304,0,15.297000000078697,"""""",nn.Module: Linear_78,1.570000000006985,0.0,
1,0,60.991000000038184,0,15.201999999990221,"""""",nn.Module: Linear_79,1.8190000000176951,0.0,
1,0,63.132999999972526,0,15.294999999983702,"""""",nn.Module: Linear_80,2.055999999982305,0.0,
1,0,68.40700000000652,0,15.425000000046566,"""""",nn.Module: Linear_81,2.5059999999939464,0.0,
1,0,67.2850000000326,0,3.456000000005588,"""""",nn.Module: LayerNorm_28,1.8030000000144355,0.0,
1,0,232.9979999999632,0,100.10000000003492,"""""",nn.Module: CLIPMLP_13,1.640999999945052,0.0,
1,0,59.13400000002002,0,41.664999999979045,"""""",nn.Module: Linear_82,1.282000000064727,0.0,
1,0,81.14600000000792,0,11.713000000047032,"""""",nn.Module: QuickGELUActivation_13,1.353000000002794,0.0,
1,0,67.16899999999441,0,46.72200000000885,"""""",nn.Module: Linear_83,4.855999999970663,0.0,
1,0,1106.0279999999912,0,235.50300000002608,"""""",nn.Module: CLIPEncoderLayer_14,2.576999999990221,0.0,
1,0,61.90499999996973,0,3.456000000005588,"""""",nn.Module: LayerNorm_29,1.4979999999632128,0.0,
1,0,683.0480000000098,0,125.57600000005914,"""""",nn.Module: CLIPAttention_14,2.080000000016298,0.0,
1,0,63.804000000003725,0,15.297000000020489,"""""",nn.Module: Linear_84,1.7399999999906868,0.0,
1,0,63.80099999997765,0,15.26500000001397,"""""",nn.Module: Linear_85,1.8410000000149012,0.0,
1,0,62.34600000001956,0,15.233000000065658,"""""",nn.Module: Linear_86,1.8080000000190921,0.0,
1,0,67.25599999999395,0,15.296999999962281,"""""",nn.Module: Linear_87,2.3500000000349246,0.0,
1,0,58.726000000024214,0,3.6159999999799766,"""""",nn.Module: LayerNorm_30,1.6630000000004657,0.0,
1,0,215.7970000000205,0,99.30200000002515,"""""",nn.Module: CLIPMLP_14,1.4650000000256114,0.0,
1,0,60.09699999995064,0,41.63400000002002,"""""",nn.Module: Linear_88,1.3219999999273568,0.0,
1,0,70.56599999999162,0,11.681999999971595,"""""",nn.Module: QuickGELUActivation_14,1.2789999999804422,0.0,
1,0,60.55800000001909,0,45.98600000003353,"""""",nn.Module: Linear_89,1.5370000000111759,0.0,
1,0,1104.6729999999516,0,236.55499999999302,"""""",nn.Module: CLIPEncoderLayer_15,2.4219999999622814,0.0,
1,0,59.59000000002561,0,3.35999999998603,"""""",nn.Module: LayerNorm_31,1.6959999999962747,0.0,
1,0,691.1219999999739,0,126.6929999999702,"""""",nn.Module: CLIPAttention_15,2.2010000000009313,0.0,
1,0,62.76000000000931,0,15.263999999966472,"""""",nn.Module: Linear_90,1.375,0.0,
1,0,61.195999999996275,0,15.328000000037719,"""""",nn.Module: Linear_91,1.9089999999850988,0.0,
1,0,63.45699999999488,0,15.265000000072177,"""""",nn.Module: Linear_92,1.7430000000167638,0.0,
1,0,66.50200000003679,0,15.712999999930616,"""""",nn.Module: Linear_93,2.3809999999939464,0.0,
1,0,59.646999999997206,0,3.456000000005588,"""""",nn.Module: LayerNorm_32,1.6710000000311993,0.0,
1,0,213.28699999995297,0,99.55800000001909,"""""",nn.Module: CLIPMLP_15,1.3989999999757856,0.0,
1,0,59.49799999996321,0,41.538000000000466,"""""",nn.Module: Linear_94,1.265999999945052,0.0,
1,0,69.80300000001444,0,11.681000000040513,"""""",nn.Module: QuickGELUActivation_15,1.400000000023283,0.0,
1,0,59.75900000002002,0,46.338999999978114,"""""",nn.Module: Linear_95,1.6049999999813735,0.0,
1,0,1185.920999999973,0,235.33700000005774,"""""",nn.Module: CLIPEncoderLayer_16,2.3109999999869615,0.0,
1,0,60.103999999992084,0,3.3919999999925494,"""""",nn.Module: LayerNorm_33,1.6790000000037253,0.0,
1,0,762.4090000000433,0,125.50800000003073,"""""",nn.Module: CLIPAttention_16,2.017000000050757,0.0,
1,0,65.92800000001444,0,15.584999999962747,"""""",nn.Module: Linear_96,1.4579999999841675,0.0,
1,0,60.19199999998091,0,15.296999999962281,"""""",nn.Module: Linear_97,1.8449999999720603,0.0,
1,0,65.4770000000135,0,15.23200000001816,"""""",nn.Module: Linear_98,1.7850000000325963,0.0,
1,0,143.6119999999646,0,15.361000000033528,"""""",nn.Module: Linear_99,2.5599999999976717,0.0,
1,0,66.74499999999534,0,3.871999999973923,"""""",nn.Module: LayerNorm_34,1.801000000035856,0.0,
1,0,213.37899999995716,0,99.07700000004843,"""""",nn.Module: CLIPMLP_16,1.4309999999823049,0.0,
1,0,60.76799999998184,0,41.73000000003958,"""""",nn.Module: Linear_100,1.3020000000251457,0.0,
1,0,68.4780000000028,0,11.552000000025146,"""""",nn.Module: QuickGELUActivation_16,1.2729999999864958,0.0,
1,0,60.48800000001211,0,45.7949999999837,"""""",nn.Module: Linear_101,1.672000000020489,0.0,
1,0,1075.5329999999958,0,235.0810000001802,"""""",nn.Module: CLIPEncoderLayer_17,2.2600000000093132,0.0,
1,0,58.02000000001863,0,3.392999999981839,"""""",nn.Module: LayerNorm_35,1.6120000000228174,0.0,
1,0,676.954000000027,0,125.7640000001411,"""""",nn.Module: CLIPAttention_17,2.271999999997206,0.0,
1,0,64.68900000001304,0,15.328000000037719,"""""",nn.Module: Linear_102,1.7409999999799766,0.0,
1,0,59.552000000025146,0,15.361000000033528,"""""",nn.Module: Linear_103,2.0340000000433065,0.0,
1,0,61.711000000010245,0,15.329000000027008,"""""",nn.Module: Linear_104,1.665999999968335,0.0,
1,0,64.975999999966,0,15.361000000033528,"""""",nn.Module: Linear_105,2.2159999999566935,0.0,
1,0,57.95400000002701,0,3.4239999999990687,"""""",nn.Module: LayerNorm_36,1.6300000000628643,0.0,
1,0,203.204000000027,0,98.98000000003958,"""""",nn.Module: CLIPMLP_17,1.3819999999832362,0.0,
1,0,55.993000000016764,0,41.72999999998137,"""""",nn.Module: Linear_106,1.2410000000381842,0.0,
1,0,66.0339999999851,0,11.488000000012107,"""""",nn.Module: QuickGELUActivation_17,1.2339999999967404,0.0,
1,0,57.6359999999986,0,45.7620000000461,"""""",nn.Module: Linear_107,1.4959999999846332,0.0,
1,0,1094.6450000000186,0,235.46599999984028,"""""",nn.Module: CLIPEncoderLayer_18,2.5490000000572763,0.0,
1,0,73.07799999997951,0,3.35999999998603,"""""",nn.Module: LayerNorm_37,1.629999999946449,0.0,
1,0,666.1740000000573,0,125.54099999979371,"""""",nn.Module: CLIPAttention_18,2.127000000094995,0.0,
1,0,63.84899999998743,0,15.36099999997532,"""""",nn.Module: Linear_108,1.356000000028871,0.0,
1,0,60.11200000002282,0,15.296999999962281,"""""",nn.Module: Linear_109,1.8600000000442378,0.0,
1,0,66.3520000000135,0,15.326999999932013,"""""",nn.Module: Linear_110,1.7150000000256114,0.0,
1,0,65.20799999998417,0,15.329000000027008,"""""",nn.Module: Linear_111,2.298000000009779,0.0,
1,0,57.8859999999986,0,3.456000000005588,"""""",nn.Module: LayerNorm_38,1.7759999999543652,0.0,
1,0,217.53200000000652,0,99.58900000003632,"""""",nn.Module: CLIPMLP_18,1.4839999999967404,0.0,
1,0,58.22999999998137,0,41.79399999999441,"""""",nn.Module: Linear_112,1.2369999999646097,0.0,
1,0,75.25099999998929,0,11.745000000053551,"""""",nn.Module: QuickGELUActivation_18,1.437999999965541,0.0,
1,0,60.75199999997858,0,46.04999999998836,"""""",nn.Module: Linear_113,1.448999999964144,0.0,
1,0,1092.5890000000363,0,235.75300000008428,"""""",nn.Module: CLIPEncoderLayer_19,2.3030000000144355,0.0,
1,0,58.271000000007916,0,3.35999999998603,"""""",nn.Module: LayerNorm_39,1.4720000000088476,0.0,
1,0,673.0550000000512,0,125.66700000001583,"""""",nn.Module: CLIPAttention_19,2.149000000092201,0.0,
1,0,59.71500000002561,0,15.680999999982305,"""""",nn.Module: Linear_114,1.4520000000484288,0.0,
1,0,77.74400000000605,0,15.26500000001397,"""""",nn.Module: Linear_115,1.739000000001397,0.0,
1,0,61.10499999998137,0,15.29500000004191,"""""",nn.Module: Linear_116,1.6300000000046566,0.0,
1,0,71.24599999998463,0,15.329000000027008,"""""",nn.Module: Linear_117,2.1819999999715947,0.0,
1,0,58.8300000000163,0,3.4239999999990687,"""""",nn.Module: LayerNorm_40,1.5800000000162981,0.0,
1,0,221.82099999999627,0,99.7180000001099,"""""",nn.Module: CLIPMLP_19,1.2629999999771826,0.0,
1,0,68.10100000002421,0,41.95300000003772,"""""",nn.Module: Linear_118,1.312000000034459,0.0,
1,0,68.90200000000186,0,11.714000000036322,"""""",nn.Module: QuickGELUActivation_19,1.3269999999902211,0.0,
1,0,59.97200000000885,0,46.051000000035856,"""""",nn.Module: Linear_119,1.8209999999962747,0.0,
1,0,1164.3430000000517,0,235.94700000010198,"""""",nn.Module: CLIPEncoderLayer_20,2.2140000000363216,0.0,
1,0,60.09099999995669,0,3.4239999999990687,"""""",nn.Module: LayerNorm_41,1.5679999999701977,0.0,
1,0,671.8289999999688,0,125.79700000002049,"""""",nn.Module: CLIPAttention_20,2.1099999999278225,0.0,
1,0,64.39999999996508,0,15.361000000033528,"""""",nn.Module: Linear_120,1.4839999999385327,0.0,
1,0,58.54899999999907,0,15.3289999999688,"""""",nn.Module: Linear_121,1.7910000000265427,0.0,
1,0,63.52600000001257,0,15.327999999979511,"""""",nn.Module: Linear_122,1.6520000000018626,0.0,
1,0,69.33600000001024,0,15.424999999988358,"""""",nn.Module: Linear_123,2.2520000000367872,0.0,
1,0,70.0910000000149,0,3.489000000001397,"""""",nn.Module: LayerNorm_42,1.8630000000121072,0.0,
1,0,220.8080000000191,0,99.62000000005355,"""""",nn.Module: CLIPMLP_20,1.8030000000144355,0.0,
1,0,63.16800000000512,0,41.95400000002701,"""""",nn.Module: Linear_124,1.220000000030268,0.0,
1,0,71.57800000003772,0,11.711999999999534,"""""",nn.Module: QuickGELUActivation_20,1.3290000000270084,0.0,
1,0,60.68599999998696,0,45.95400000002701,"""""",nn.Module: Linear_125,1.562000000034459,0.0,
1,0,1161.7909999999683,0,307.9199999999837,"""""",nn.Module: CLIPEncoderLayer_21,2.1269999999785796,0.0,
1,0,59.646999999997206,0,3.35999999998603,"""""",nn.Module: LayerNorm_43,1.3390000000363216,0.0,
1,0,755.2710000000079,0,198.95399999985239,"""""",nn.Module: CLIPAttention_21,2.212999999988824,0.0,
1,0,60.68599999998696,0,15.39299999998184,"""""",nn.Module: Linear_126,1.5449999999837019,0.0,
1,0,59.587999999988824,0,15.3289999999688,"""""",nn.Module: Linear_127,1.8489999999874271,0.0,
1,0,58.72200000000885,0,15.3289999999688,"""""",nn.Module: Linear_128,1.620000000053551,0.0,
1,0,70.19800000003306,0,53.41099999996368,"""""",nn.Module: Linear_129,2.539000000047963,0.0,
1,0,60.61100000003353,0,3.488000000012107,"""""",nn.Module: LayerNorm_44,1.5790000000270084,0.0,
1,0,208.90100000001257,0,98.53400000010151,"""""",nn.Module: CLIPMLP_21,1.378000000026077,0.0,
1,0,56.288999999989755,0,41.95400000002701,"""""",nn.Module: Linear_130,1.2660000000032596,0.0,
1,0,68.86300000001211,0,11.585000000020955,"""""",nn.Module: QuickGELUActivation_21,1.220000000030268,0.0,
1,0,60.804999999993015,0,44.99500000005355,"""""",nn.Module: Linear_131,1.4879999999538995,0.0,
1,0,1326.100999999966,0,236.94099999999162,"""""",nn.Module: CLIPEncoderLayer_22,2.198999999964144,0.0,
1,0,60.320999999996275,0,3.841000000014901,"""""",nn.Module: LayerNorm_45,1.603000000002794,0.0,
1,0,907.0520000000251,0,126.76000000000931,"""""",nn.Module: CLIPAttention_22,2.1660000000265427,0.0,
1,0,61.42000000004191,0,15.26500000001397,"""""",nn.Module: Linear_132,1.4990000000107102,0.0,
1,0,60.055999999982305,0,15.330000000016298,"""""",nn.Module: Linear_133,1.7059999999473803,0.0,
1,0,57.81400000001304,0,15.296999999962281,"""""",nn.Module: Linear_134,1.7600000000093132,0.0,
1,0,73.94200000003912,0,15.425000000046566,"""""",nn.Module: Linear_135,2.613000000012107,0.0,
1,0,60.15400000003865,0,3.456000000005588,"""""",nn.Module: LayerNorm_46,1.6220000000321306,0.0,
1,0,216.03099999995902,0,99.29999999993015,"""""",nn.Module: CLIPMLP_22,1.3719999999157153,0.0,
1,0,55.21799999999348,0,41.85699999995995,"""""",nn.Module: Linear_136,1.456000000005588,0.0,
1,0,75.16800000000512,0,11.681000000040513,"""""",nn.Module: QuickGELUActivation_22,1.279999999969732,0.0,
1,0,61.96300000004703,0,45.761999999929685,"""""",nn.Module: Linear_137,1.7270000000717118,0.0,
1,0,1097.5439999999944,0,236.71500000014203,"""""",nn.Module: CLIPEncoderLayer_23,2.312999999965541,0.0,
1,0,65.33299999998417,0,3.35999999998603,"""""",nn.Module: LayerNorm_47,1.4039999999804422,0.0,
1,0,677.5889999999781,0,126.88600000005681,"""""",nn.Module: CLIPAttention_23,2.0380000000004657,0.0,
1,0,72.9550000000163,0,15.424999999988358,"""""",nn.Module: Linear_138,1.731000000028871,0.0,
1,0,65.12900000001537,0,15.393999999971129,"""""",nn.Module: Linear_139,1.8599999999860302,0.0,
1,0,59.6820000000298,0,15.361000000033528,"""""",nn.Module: Linear_140,1.8140000000130385,0.0,
1,0,69.37400000001071,0,15.393000000040047,"""""",nn.Module: Linear_141,2.3360000000102445,0.0,
1,0,58.56299999996554,0,3.9039999999804422,"""""",nn.Module: LayerNorm_48,1.6059999999706633,0.0,
1,0,217.24300000001676,0,99.04500000010012,"""""",nn.Module: CLIPMLP_23,1.3290000000270084,0.0,
1,0,54.774999999965075,0,41.76199999998789,"""""",nn.Module: Linear_142,1.4329999999608845,0.0,
1,0,69.22899999999208,0,11.585000000079162,"""""",nn.Module: QuickGELUActivation_23,1.2989999999990687,0.0,
1,0,65.68699999997625,0,45.69800000003306,"""""",nn.Module: Linear_143,1.5800000000162981,0.0,
16,0,53.77599999983795,0,0,"""""",transformers/utils/generic.py(405): __setattr__,48.715999999665655,0,
18,0,5.715000000142027,0,0,"""""",<built-in method keys of BaseModelOutput object at 0x7146fb74c0c0>,5.715000000142027,0,
4,0,153.0100000000093,0,0,"""""",transformers/utils/generic.py(330): __post_init__,68.12500000029104,0,
4,0,36.77099999994971,0,0,"""""",dataclasses.py(1278): fields,24.982999999716412,0,
20,0,7.330000000249129,0,0,"""""",dataclasses.py(1293): <genexpr>,7.330000000249129,0,
16,0,5.113999999826774,0,0,"""""",transformers/utils/generic.py(340): <genexpr>,5.113999999826774,0,
8,0,7.8660000001545995,0,0,"""""",transformers/utils/generic.py(344): <genexpr>,6.868000000133179,0,
9,0,13.822999999974854,0,0,"""""",transformers/utils/generic.py(411): __setitem__,13.822999999974854,0,
6,0,47.04899999994086,0,0,"""""",transformers/utils/generic.py(398): __getitem__,16.70900000014808,0,
2,0,27.265000000072177,0,0,"""""",transformers/utils/generic.py(424): to_tuple,9.931000000215136,0,
6,0,16.67899999988731,0,0,"""""",transformers/utils/generic.py(428): <genexpr>,5.046999999904074,0,
1,0,70.76199999998789,0,2.6880000000237487,"""""",nn.Module: LayerNorm_49,2.2779999999911524,0.0,
1,0,17.93799999996554,0,0,"""""",llava/model/multimodal_encoder/clip_encoder.py(35): feature_select,12.523999999917578,0,
3,0,20.88600000005681,0,0,"""""",torch/autograd/grad_mode.py(84): __exit__,9.187000000034459,0,
1,0,6260.5079999999725,0,321.9959999999264,"""""",nn.Module: Sequential_0,3.0469999999622814,0.0,
1,0,6250.898000000045,0,321.9959999999264,"""""",torch/nn/modules/container.py(248): forward,43.912000000011176,0.0,
1,0,3.0270000000018626,0,0,"""""",torch/nn/modules/container.py(240): __iter__,2.2220000000088476,0,
1,0,109.16200000001118,0,41.21799999999348,"""""",nn.Module: Linear_144,1.9550000000162981,0.0,
1,0,5905.994999999995,0,7.805999999982305,"""""",nn.Module: GELU_0,3.426999999966938,0.0,
1,0,5896.179000000004,0,7.805999999982305,"""""",torch/nn/modules/activation.py(812): forward,5.355999999970663,0.0,
1,0,5890.823000000033,0,7.805999999982305,"""""",<built-in function gelu>,54.29100000002654,0.0,
1,0,5836.5320000000065,0,7.805999999982305,"""""",aten::gelu,4869.200000000012,3.9029999999911524,
1,0,0,0,3.9029999999911524,"""""","void at::native::vectorized_elementwise_kernel<4, at::native::GeluCUDAKernelImpl(at::TensorIteratorBase&, at::native::GeluType)::{lambda()#2}::operator()() const::{lambda()#3}::operator()() const::{lambda(c10::Half)#1}, std::array<char*, 2ul> >(int, at::native::GeluCUDAKernelImpl(at::TensorIteratorBase&, at::native::GeluType)::{lambda()#2}::operator()() const::{lambda()#3}::operator()() const::{lambda(c10::Half)#1}, std::array<char*, 2ul>)",0,3.9029999999911524,
1,0,188.80200000002515,0,272.97199999995064,"""""",nn.Module: Linear_145,4.083999999973457,0.0,
1,0,0,0,136.00599999999395,"""""",ampere_fp16_s1688gemm_fp16_128x64_sliced1x2_ldg8_relu_f2f_tn,0,136.00599999999395,
2,0,241.76699999999255,0,5.279999999911524,"""""",<built-in method bool of Tensor object at 0x7146fb55b570>,18.990000000048894,0.0,
3,0,0,0,6.368999999889638,"""""","void at::native::unrolled_elementwise_kernel<at::native::direct_copy_kernel_cuda(at::TensorIteratorBase&)::{lambda()#3}::operator()() const::{lambda()#11}::operator()() const::{lambda(bool)#1}, std::array<char*, 2ul>, 4, TrivialOffsetCalculator<1, unsigned int>, TrivialOffsetCalculator<1, unsigned int>, at::native::memory::LoadWithCast<1>, at::native::memory::StoreWithCast<1> >(int, at::native::direct_copy_kernel_cuda(at::TensorIteratorBase&)::{lambda()#3}::operator()() const::{lambda()#11}::operator()() const::{lambda(bool)#1}, std::array<char*, 2ul>, TrivialOffsetCalculator<1, unsigned int>, TrivialOffsetCalculator<1, unsigned int>, at::native::memory::LoadWithCast<1>, at::native::memory::StoreWithCast<1>)",0,6.368999999889638,
12,0,2876.9150000000955,0,12.191999999864493,"""""",<built-in method arange of type object at 0x71495b359d60>,95.66500000009546,0.0,
26,0,5477.2550000002375,0,24.383999999728985,"""""",aten::arange,1935.8329999996931,11.231999999901745,
12,0,0,0,11.231999999901745,"""""","void (anonymous namespace)::elementwise_kernel_with_index<int, at::native::arange_cuda_out(c10::Scalar const&, c10::Scalar const&, c10::Scalar const&, at::Tensor&)::{lambda()#1}::operator()() const::{lambda()#4}::operator()() const::{lambda(long)#1}>(int, at::native::arange_cuda_out(c10::Scalar const&, c10::Scalar const&, c10::Scalar const&, at::Tensor&)::{lambda()#1}::operator()() const::{lambda()#4}::operator()() const::{lambda(long)#1}, function_traits<at::native::arange_cuda_out(c10::Scalar const&, c10::Scalar const&, c10::Scalar const&, at::Tensor&)::{lambda()#1}::operator()() const::{lambda()#4}::operator()() const::{lambda(long)#1}>::result_type*)",0,11.231999999901745,
1,0,4881.127999999968,0,1.9200000000419095,"""""",<built-in method full_like of type object at 0x71495b359d60>,39.13999999995576,0.0,
1,0,4841.988000000012,0,1.9200000000419095,"""""",aten::full_like,9.385000000009313,0.0,
7,0,0,0,6.751999999862164,"""""","void at::native::vectorized_elementwise_kernel<2, at::native::FillFunctor<long>, std::array<char*, 1ul> >(int, at::native::FillFunctor<long>, std::array<char*, 1ul>)",0,6.751999999862164,
4,0,158.95000000001164,0,0,"""""",torch/_tensor.py(1203): __iter__,29.828000000095926,0,
68,0,38.980000000214204,0,0,"""""",<built-in method dim of Tensor object at 0x7146fb590a50>,38.980000000214204,0,
4,0,110.67200000002049,0,0,"""""",<built-in method unbind of Tensor object at 0x7146fb590a50>,56.5559999999241,0,
6,0,66.5020000001532,0,0,"""""",aten::unbind,24.259000000194646,0,
77,0,20323.437000000267,0,161.63099999981932,"""""",aten::index,13382.502000000211,121.50899999990361,
4,0,4131.771999999997,0,47.131000000052154,"""""",aten::nonzero,308.379999999539,19.45600000018021,
4,0,0,0,5.407999999995809,"""""","void at_cuda_detail::cub::detail::reduce::DeviceReduceSingleTileKernel<at_cuda_detail::cub::detail::reduce::policy_hub<int, unsigned long long, cuda::std::__4::plus<void> >::Policy1000, thrust::_V_300200_SM_750_800_860_900_1000_1200::transform_iterator<at::native::(anonymous namespace)::NonZeroOp<bool>, bool const*, thrust::_V_300200_SM_750_800_860_900_1000_1200::use_default, thrust::_V_300200_SM_750_800_860_900_1000_1200::use_default>, int*, unsigned long long, cuda::std::__4::plus<void>, int, int, cuda::std::__4::identity>(thrust::_V_300200_SM_750_800_860_900_1000_1200::transform_iterator<at::native::(anonymous namespace)::NonZeroOp<bool>, bool const*, thrust::_V_300200_SM_750_800_860_900_1000_1200::use_default, thrust::_V_300200_SM_750_800_860_900_1000_1200::use_default>, int*, unsigned long long, cuda::std::__4::plus<void>, int, cuda::std::__4::identity)",0,5.407999999995809,
4,0,0,0,3.6470000000554137,"""""","void at_cuda_detail::cub::detail::scan::DeviceCompactInitKernel<at_cuda_detail::cub::ScanTileState<int, true>, int*>(at_cuda_detail::cub::ScanTileState<int, true>, int, int*)",0,3.6470000000554137,
4,0,0,0,5.824000000022352,"""""","void at_cuda_detail::cub::detail::select::DeviceSelectSweepKernel<at_cuda_detail::cub::detail::select::policy_hub<long, bool, int, false, (at_cuda_detail::cub::SelectImpl)0>::Policy1000, thrust::_V_300200_SM_750_800_860_900_1000_1200::counting_iterator<long, thrust::_V_300200_SM_750_800_860_900_1000_1200::use_default, thrust::_V_300200_SM_750_800_860_900_1000_1200::use_default, thrust::_V_300200_SM_750_800_860_900_1000_1200::use_default, thrust::_V_300200_SM_750_800_860_900_1000_1200::compile_time_value<1> >, thrust::_V_300200_SM_750_800_860_900_1000_1200::transform_iterator<at::native::(anonymous namespace)::NonZeroOp<bool>, bool const*, thrust::_V_300200_SM_750_800_860_900_1000_1200::use_default, thrust::_V_300200_SM_750_800_860_900_1000_1200::use_default>, long*, int*, at_cuda_detail::cub::ScanTileState<int, true>, at_cuda_detail::cub::NullType, at_cuda_detail::cub::NullType, int, at_cuda_detail::cub::detail::select::streaming_context_t<long, true>, (at_cuda_detail::cub::SelectImpl)0>(thrust::_V_300200_SM_750_800_860_900_1000_1200::counting_iterator<long, thrust::_V_300200_SM_750_800_860_900_1000_1200::use_default, thrust::_V_300200_SM_750_800_860_900_1000_1200::use_default, thrust::_V_300200_SM_750_800_860_900_1000_1200::use_default, thrust::_V_300200_SM_750_800_860_900_1000_1200::compile_time_value<1> >, thrust::_V_300200_SM_750_800_860_900_1000_1200::transform_iterator<at::native::(anonymous namespace)::NonZeroOp<bool>, bool const*, thrust::_V_300200_SM_750_800_860_900_1000_1200::use_default, thrust::_V_300200_SM_750_800_860_900_1000_1200::use_default>, long*, int*, at_cuda_detail::cub::ScanTileState<int, true>, at_cuda_detail::cub::NullType, at_cuda_detail::cub::NullType, int, int, at_cuda_detail::cub::detail::select::streaming_context_t<long, true>, at_cuda_detail::cub::detail::vsmem_t)",0,5.824000000022352,
4,0,40.99100000009639,0,0,"""""",aten::set_,40.99100000009639,0,
3,0,0,0,6.239000000001397,"""""","void at::native::index_elementwise_kernel<128, 4, at::native::gpu_index_kernel<at::native::index_kernel_impl<at::native::OpaqueType<8> >(at::TensorIteratorBase&, c10::ArrayRef<long>, c10::ArrayRef<long>)::{lambda(char*, char const*, long)#1}>(at::TensorIteratorBase&, c10::ArrayRef<long>, c10::ArrayRef<long>, at::native::index_kernel_impl<at::native::OpaqueType<8> >(at::TensorIteratorBase&, c10::ArrayRef<long>, c10::ArrayRef<long>)::{lambda(char*, char const*, long)#1} const&, bool)::{lambda(int)#1}>(long, at::native::gpu_index_kernel<at::native::index_kernel_impl<at::native::OpaqueType<8> >(at::TensorIteratorBase&, c10::ArrayRef<long>, c10::ArrayRef<long>)::{lambda(char*, char const*, long)#1}>(at::TensorIteratorBase&, c10::ArrayRef<long>, c10::ArrayRef<long>, at::native::index_kernel_impl<at::native::OpaqueType<8> >(at::TensorIteratorBase&, c10::ArrayRef<long>, c10::ArrayRef<long>)::{lambda(char*, char const*, long)#1} const&, bool)::{lambda(int)#1})",0,6.239000000001397,
2,0,270.85899999993853,0,9.152000000118278,"""""",<built-in method where of type object at 0x71495b359d60>,44.84699999995064,0.0,
2,0,226.0119999999879,0,9.152000000118278,"""""",aten::where,9.035000000032596,0.0,
2,0,216.9769999999553,0,9.152000000118278,"""""",aten::nonzero_numpy,8.975999999907799,0.0,
2,0,107.04500000010012,0,1.5040000000153668,"""""",<built-in method tolist of Tensor object at 0x7146fb59e3a0>,32.89700000011362,0.0,
2,0,1.5740000000223517,0,0,"""""",aten::resolve_conj,1.5740000000223517,0,
2,0,0.801999999966938,0,0,"""""",aten::resolve_neg,0.801999999966938,0,
2,0,0,0,2.6560000000172295,"""""",Memcpy DtoH (Device -> Pageable),0,2.6560000000172295,
2,0,0,0,3.327999999979511,"""""","void at::native::(anonymous namespace)::CatArrayBatchedCopy_alignedK_contig<at::native::(anonymous namespace)::OpaqueType<8u>, unsigned int, 1, 128, 1, 16>(at::native::(anonymous namespace)::OpaqueType<8u>*, at::native::(anonymous namespace)::CatArrInputTensorMetadata<at::native::(anonymous namespace)::OpaqueType<8u>, unsigned int, 128, 1>, at::native::(anonymous namespace)::TensorSizeStride<unsigned int, 4u>, int, unsigned int)",0,3.327999999979511,
1,0,121.90099999995437,0,2.1759999999776483,"""""",nn.Module: Embedding_1,6.051999999966938,0.0,
1,0,68.72999999998137,0,0,"""""",torch/functional.py(121): split,5.462999999988824,0,
1,0,62.90700000000652,0,0,"""""",torch/_tensor.py(1052): split,21.122999999905005,0,
1,0,37.45300000003772,0,0,"""""",<built-in method split_with_sizes of type object at 0x71495b359d60>,30.65700000000652,0,
1,0,6.796000000031199,0,0,"""""",aten::split_with_sizes,5.64100000000326,0,
3,0,279.26799999992363,0,4.896000000066124,"""""",<built-in method full of type object at 0x71495b359d60>,71.96899999992456,0.0,
3,0,207.29899999999907,0,4.896000000066124,"""""",aten::full,28.184000000124797,0.0,
2,0,0,0,11.553999999945518,"""""","void at::native::(anonymous namespace)::CatArrayBatchedCopy_vectorized<at::native::(anonymous namespace)::OpaqueType<2u>, unsigned int, 1, 128, 1, 16, 8>(char*, at::native::(anonymous namespace)::CatArrInputTensorMetadata<at::native::(anonymous namespace)::OpaqueType<2u>, unsigned int, 128, 1>, at::native::(anonymous namespace)::TensorSizeStride<unsigned int, 4u>, int, unsigned int)",0,11.553999999945518,
2,0,2.2599999999511056,0,0,"""""",llava/model/llava_arch.py(280): <genexpr>,2.2599999999511056,0,
3,0,165.80499999999302,0,3.1680000000051223,"""""",<built-in method zeros of type object at 0x71495b359d60>,52.585000000020955,0.0,
3,0,113.21999999997206,0,3.1680000000051223,"""""",aten::zeros,23.45199999999022,0.0,
3,0,74.19800000003306,0,3.1680000000051223,"""""",aten::zero_,9.745999999984633,0.0,
2,0,0,0,2.1440000000293367,"""""","void at::native::vectorized_elementwise_kernel<4, at::native::FillFunctor<bool>, std::array<char*, 1ul> >(int, at::native::FillFunctor<bool>, std::array<char*, 1ul>)",0,2.1440000000293367,
48,0,0,0,51.8789999994915,"""""",Memcpy DtoD (Device -> Device),0,51.8789999994915,
1,0,370634.052,0,52489.59000000259,"""""",transformers/generation/utils.py(1173): generate,242.08500000013737,0.0,
1,0,0.6400000000139698,0,0,"""""",transformers/integrations/deepspeed.py(261): is_deepspeed_zero3_enabled,0.6400000000139698,0,
1,0,8.586999999999534,0,0,"""""",transformers/generation/utils.py(1041): _validate_model_class,2.945000000006985,0,
1,0,5.641999999992549,0,0,"""""",transformers/modeling_utils.py(1438): can_generate,5.641999999992549,0,
111,0,830.2359999999171,0,0,"""""",copy.py(118): deepcopy,163.752000000095,0,
1,0,18.380999999993946,0,0,"""""",<built-in method __reduce_ex__ of GenerationConfig object at 0x71478fbf5550>,10.319000000017695,0,
1,0,8.061999999976251,0,0,"""""",copyreg.py(107): _slotnames,6.149999999965075,0,
1,0,0.6370000000461005,0,0,"""""",<built-in method get of mappingproxy object at 0x7146fb73a8f0>,0.6370000000461005,0,
1,0,297.37099999998463,0,0,"""""",copy.py(247): _reconstruct,12.354000000050291,0,
2,0,6.41800000006333,0,0,"""""",copy.py(252): <genexpr>,1.829000000085216,0,
108,0,12.744999999471474,0,0,"""""",copy.py(172): _deepcopy_atomic,12.744999999471474,0,
1,0,2.3849999999511056,0,0,"""""",copyreg.py(98): __newobj__,1.7589999999618158,0,
2,0,268.8099999999977,0,0,"""""",copy.py(217): _deepcopy_dict,59.47800000011921,0,
3,0,6.864999999990687,0,0,"""""",copy.py(231): _keep_alive,5.582000000053085,0,
1,0,16.869999999995343,0,0,"""""",transformers/generation/configuration_utils.py(957): update,10.906000000133645,0,
1,0,411.8549999999814,0,0,"""""",transformers/generation/configuration_utils.py(363): validate,30.099000000103842,0,
1,0,6.8140000000130385,0,0,"""""",<built-in method format of str object at 0x7147a89d5b60>,6.8140000000130385,0,
1,0,371.65299999999115,0,0,"""""",<built-in function warn>,23.29800000000978,0,
1,0,4.12400000001071,0,0,"""""",warnings.py(421): __init__,4.12400000001071,0,
1,0,344.23099999997066,0,0,"""""",warnings.py(99): _showwarnmsg,2.8889999999664724,0,
1,0,341.3420000000042,0,0,"""""",warnings.py(20): _showwarnmsg_impl,6.960000000020955,0,
1,0,322.74400000000605,0,0,"""""",warnings.py(120): _formatwarnmsg,5.481000000028871,0,
1,0,317.2629999999772,0,0,"""""",warnings.py(35): _formatwarnmsg_impl,13.225999999966007,0,
1,0,303.3040000000037,0,0,"""""",linecache.py(26): getline,3.6520000000600703,0,
1,0,299.38199999998324,0,0,"""""",linecache.py(36): getlines,8.629000000015367,0,
1,0,290.75299999996787,0,0,"""""",linecache.py(83): updatecache,13.815999999875203,0,
1,0,90.8859999999986,0,0,"""""",tokenize.py(453): open,16.265000000072177,0,
1,0,44.7039999999688,0,0,"""""",tokenize.py(360): detect_encoding,9.555999999924097,0,
1,0,10.504000000015367,0,0,"""""",tokenize.py(384): read_or_stop,2.8950000000186265,0,
1,0,7.60899999999674,0,0,"""""",<built-in method readline of _io.BufferedReader object at 0x7146fb7dbc10>,7.60899999999674,0,
1,0,23.602000000013504,0,0,"""""",tokenize.py(390): find_cookie,12.272999999986496,0,
1,0,0.9330000000190921,0,0,"""""",<built-in method decode of bytes object at 0x7146fb54fc90>,0.9330000000190921,0,
1,0,0.6479999999864958,0,0,"""""",<built-in method group of re.Match object at 0x7146fb6b9ea0>,0.6479999999864958,0,
1,0,4.426000000035856,0,0,"""""",tokenize.py(349): _get_normal_name,2.9139999999897555,0,
1,0,1.5430000000051223,0,0,"""""",<built-in function lookup>,1.5430000000051223,0,
1,0,11.637999999977183,0,0,"""""",<built-in method write of _io.TextIOWrapper object at 0x7149e30ae180>,11.637999999977183,0,
1,0,287.8609999999753,0,0,"""""",llava/model/language_model/custom_generation.py(10): _validate_model_kwargs,23.402999999991152,0,
4,0,403.33400000003166,0,0,"""""",inspect.py(3346): signature,6.722000000067055,0,
4,0,396.6119999999646,0,0,"""""",inspect.py(3081): from_callable,13.891999999934342,0,
6,0,594.1060000000289,0,0,"""""",inspect.py(2501): _signature_from_callable,67.50699999992503,0,
10,0,2.121000000042841,0,0,"""""",<built-in function callable>,2.121000000042841,0,
4,0,13.45799999992596,0,0,"""""",inspect.py(754): unwrap,9.41399999987334,0,
4,0,0.9739999999874271,0,0,"""""",<built-in function getrecursionlimit>,0.9739999999874271,0,
8,0,4.460000000020955,0,0,"""""",inspect.py(378): isfunction,3.3580000000656582,0,
4,0,251.4440000000177,0,0,"""""",inspect.py(2397): _signature_from_function,112.07000000018161,0,
4,0,25.13199999992503,0,0,"""""",inspect.py(176): get_annotations,19.161999999952968,0,
14,0,66.8619999999064,0,0,"""""",inspect.py(2743): __init__,41.258999999728985,0,
6,0,56.79200000007404,0,0,"""""",inspect.py(3029): __init__,42.57300000009127,0,
18,0,11.23999999993248,0,0,"""""",inspect.py(3076): <genexpr>,8.749999999825377,0,
22,0,3.5650000001769513,0,0,"""""",inspect.py(2796): name,3.5650000001769513,0,
2,0,44.01900000002934,0,0,"""""",inspect.py(2124): _signature_bound_method,15.58800000010524,0,
6,0,1.0320000000065193,0,0,"""""",inspect.py(3089): parameters,1.0320000000065193,0,
2,0,1.6279999999678694,0,0,"""""",<built-in method values of mappingproxy object at 0x7146fb70c190>,1.6279999999678694,0,
12,0,1.6319999999832362,0,0,"""""",inspect.py(2808): kind,1.6319999999832362,0,
2,0,25.867999999958556,0,0,"""""",inspect.py(3097): replace,4.7379999999538995,0,
6,0,0.8090000000083819,0,0,"""""",inspect.py(2800): default,0.8090000000083819,0,
1,0,288.9860000000335,0,1.982999999949243,"""""",transformers/generation/utils.py(350): _prepare_model_inputs,22.320999999996275,0.0,
2,0,1.1919999999227002,0,0,"""""",<built-in method keys of mappingproxy object at 0x7146fb70c190>,1.1919999999227002,0,
2,0,173.23000000003958,0,1.982999999949243,"""""",transformers/generation/utils.py(414): _maybe_initialize_input_ids_for_generation,27.825000000128057,0.0,
2,0,119.71999999997206,0,1.8229999999748543,"""""",<built-in method ones of type object at 0x71495b359d60>,27.70199999999022,0.0,
2,0,92.01799999998184,0,1.8229999999748543,"""""",aten::ones,13.394999999960419,0.0,
1,0,3.098999999987427,0,0,"""""",transformers/generation/utils.py(1127): _validate_generated_length,3.098999999987427,0,
1,0,3.5599999999976717,0,0,"""""",transformers/generation/utils.py(717): _get_generation_mode,3.5599999999976717,0,
1,0,14.885000000009313,0,0,"""""",transformers/generation/utils.py(757): _get_logits_processor,13.423000000009779,0,
2,0,2.4980000000214204,0,0,"""""",transformers/generation/utils.py(898): _merge_criteria_processor_list,1.8570000000181608,0,
1,0,15.270000000018626,0,0,"""""",transformers/generation/utils.py(881): _get_stopping_criteria,9.596000000019558,0,
1,0,1.2930000000051223,0,0,"""""",transformers/generation/stopping_criteria.py(61): __init__,1.2930000000051223,0,
1,0,368900.231,0,52487.60700000264,"""""",transformers/generation/utils.py(2172): greedy_search,219.45899999991525,0.0,
1,0,76633.59600000002,0,12.543999999703374,"""""",llava/model/language_model/llava_llama.py(155): prepare_inputs_for_generation,13.278999999980442,0.0,
1,0,76619.75699999998,0,12.543999999703374,"""""",llava/model/language_model/custom_modeling_llama.py(1754): prepare_inputs_for_generation,91.89999999996508,0.0,
1,0,9.603000000002794,0,0,"""""",<built-in method long of Tensor object at 0x7146fb59e5d0>,8.836000000010245,0,
1,0,4185.796999999962,0,7.391999999934342,"""""",<built-in method cumsum of Tensor object at 0x7146fb59e5d0>,27.430999999982305,0.0,
1,0,4158.36599999998,0,7.391999999934342,"""""",aten::cumsum,3257.365000000107,2.463999999978114,
1,0,0,0,0.8960000000079162,"""""","void at_cuda_detail::cub::detail::scan::DeviceScanInitKernel<at_cuda_detail::cub::ScanTileState<long, true> >(at_cuda_detail::cub::ScanTileState<long, true>, int)",0,0.8960000000079162,
1,0,38.399999999965075,0,2.463999999978114,"""""",cudaOccupancyMaxActiveBlocksPerMultiprocessorWithFlags,6.09799999993993,0.0,
1,0,0,0,1.5679999999701977,"""""","void at_cuda_detail::cub::detail::scan::DeviceScanKernel<at_cuda_detail::cub::detail::scan::policy_hub<long, long, long, unsigned int, std::plus<long> >::Policy1000, long const*, long*, at_cuda_detail::cub::ScanTileState<long, true>, std::plus<long>, at_cuda_detail::cub::NullType, unsigned int, long, false, at_cuda_detail::cub::NullType>(long const*, long*, at_cuda_detail::cub::ScanTileState<long, true>, int, std::plus<long>, at_cuda_detail::cub::NullType, unsigned int)",0,1.5679999999701977,
50,0,1004.0920000006445,0,174.2489999998943,"""""",aten::sub,608.3330000008573,170.66399999981513,
2,0,72322.64800000004,0,6.207999999867752,"""""",<built-in method masked_fill_ of Tensor object at 0x7146fb5b65d0>,60.17800000007264,0.0,
4,0,72336.35999999999,0,10.655999999726191,"""""",aten::masked_fill_,56696.99299999996,6.047999999835156,
1,0,0,0,1.3439999999245629,"""""","void at::native::vectorized_elementwise_kernel<2, at::native::(anonymous namespace)::masked_fill_kernel(at::TensorIterator&, c10::Scalar const&)::{lambda()#1}::operator()() const::{lambda()#4}::operator()() const::{lambda(long, bool)#1}, std::array<char*, 3ul> >(int, at::native::(anonymous namespace)::masked_fill_kernel(at::TensorIterator&, c10::Scalar const&)::{lambda()#1}::operator()() const::{lambda()#4}::operator()() const::{lambda(long, bool)#1}, std::array<char*, 3ul>)",0,1.3439999999245629,
1,0,272292.8979999999,0,52428.592000003555,"""""",nn.Module: LlavaLlamaForCausalLM_0,9.99800000002142,0.0,
1,0,272256.044,0,52428.592000003555,"""""",torch_profiler_generate_trace.py(193): wrapped_model_forward,-20.804999999934807,0.0,
162,0,383.92900000093505,0,0,"""""",torch_profiler_generate_trace.py(132): int_shape,264.3500000013737,0,
1,0,272137.872,0,52428.592000003555,"""""",profile.forward_prefill,61.23899999994319,0.0,
1,0,272076.63300000003,0,52428.592000003555,"""""",llava/model/language_model/llava_llama.py(64): forward,11.412000000011176,0.0,
1,0,272065.221,0,52428.592000003555,"""""",llava/model/language_model/custom_modeling_llama.py(1660): forward,61.77700000035111,0.0,
1,0,271775.0839999999,0,52110.40200000361,"""""",nn.Module: LlavaLlamaModel_0,5.841000000014901,0.0,
1,0,271744.04999999993,0,52110.40200000361,"""""",llava/model/language_model/custom_modeling_llama.py(1460): forward,1961.2309999996796,0.0,
1,0,3.947000000043772,0,0,"""""",transformers/cache_utils.py(157): from_legacy_cache,2.2850000000325963,0,
1,0,1.6620000000111759,0,0,"""""",transformers/cache_utils.py(65): __init__,1.6620000000111759,0,
65,0,185.8130000004312,0,0,"""""",transformers/cache_utils.py(45): get_usable_length,107.76600000087637,0,
65,0,13.000999999349006,0,0,"""""",transformers/cache_utils.py(138): get_max_length,13.000999999349006,0,
65,0,65.04600000020582,0,0,"""""",transformers/cache_utils.py(132): get_seq_length,39.19000000064261,0,
1,0,1802.280999999959,0,36.610000000102445,"""""",transformers/modeling_attn_mask_utils.py(278): _prepare_4d_causal_attention_mask,12.965999999898486,0.0,
1,0,1.2630000000353903,0,0,"""""",transformers/modeling_attn_mask_utils.py(55): __init__,1.2630000000353903,0,
1,0,1787.8190000000177,0,36.610000000102445,"""""",transformers/modeling_attn_mask_utils.py(97): to_4d,31.395999999833293,0.0,
1,0,579.877000000095,0,15.521000000298955,"""""",transformers/modeling_attn_mask_utils.py(144): _make_causal_mask,87.1730000001844,0.0,
1,0,0,0,271993.836,"""""",profile.forward_prefill,0,271993.836,
22,0,0,0,21.280999999842606,"""""","void at::native::vectorized_elementwise_kernel<4, at::native::FillFunctor<float>, std::array<char*, 1ul> >(int, at::native::FillFunctor<float>, std::array<char*, 1ul>)",0,21.280999999842606,
22,0,575.3159999999916,0,34.53000000026077,"""""",aten::lt,362.02799999993294,30.466000000131316,
1,0,0,0,2.7200000000884756,"""""","void at::native::elementwise_kernel<128, 4, at::native::gpu_kernel_impl_nocast<at::native::(anonymous namespace)::CompareFunctor<long> >(at::TensorIteratorBase&, at::native::(anonymous namespace)::CompareFunctor<long> const&)::{lambda(int)#1}>(int, at::native::gpu_kernel_impl_nocast<at::native::(anonymous namespace)::CompareFunctor<long> >(at::TensorIteratorBase&, at::native::(anonymous namespace)::CompareFunctor<long> const&)::{lambda(int)#1})",0,2.7200000000884756,
1,0,0,0,1.7600000000093132,"""""","void at::native::vectorized_elementwise_kernel<4, at::native::(anonymous namespace)::masked_fill_kernel(at::TensorIterator&, c10::Scalar const&)::{lambda()#1}::operator()() const::{lambda()#7}::operator()() const::{lambda(float, bool)#1}, std::array<char*, 3ul> >(int, at::native::(anonymous namespace)::masked_fill_kernel(at::TensorIterator&, c10::Scalar const&)::{lambda()#1}::operator()() const::{lambda()#7}::operator()() const::{lambda(float, bool)#1}, std::array<char*, 3ul>)",0,1.7600000000093132,
1,0,993.0410000000848,0,15.777000000001863,"""""",transformers/modeling_attn_mask_utils.py(174): _expand_mask,38.13200000009965,0.0,
14,0,605.8480000001146,0,18.24099999992177,"""""",torch/_tensor.py(40): wrapped,62.73899999994319,0.0,
14,0,6.727000000071712,0,0,"""""",<built-in function _has_torch_function>,6.727000000071712,0,
14,0,536.3820000000997,0,18.24099999992177,"""""",torch/_tensor.py(1114): __rsub__,28.510000000474975,0.0,
1,0,0,0,2.912000000011176,"""""","void at::native::elementwise_kernel<128, 4, at::native::gpu_kernel_impl<at::native::direct_copy_kernel_cuda(at::TensorIteratorBase&)::{lambda()#3}::operator()() const::{lambda()#10}::operator()() const::{lambda(c10::Half)#1}>(at::TensorIteratorBase&, at::native::direct_copy_kernel_cuda(at::TensorIteratorBase&)::{lambda()#3}::operator()() const::{lambda()#10}::operator()() const::{lambda(c10::Half)#1} const&)::{lambda(int)#1}>(int, at::native::gpu_kernel_impl<at::native::direct_copy_kernel_cuda(at::TensorIteratorBase&)::{lambda()#3}::operator()() const::{lambda()#10}::operator()() const::{lambda(c10::Half)#1}>(at::TensorIteratorBase&, at::native::direct_copy_kernel_cuda(at::TensorIteratorBase&)::{lambda()#3}::operator()() const::{lambda()#10}::operator()() const::{lambda(c10::Half)#1} const&)::{lambda(int)#1})",0,2.912000000011176,
14,0,507.8719999996247,0,18.24099999992177,"""""",<built-in method rsub of type object at 0x71495b359d60>,100.91799999924842,0.0,
14,0,406.95400000037625,0,18.24099999992177,"""""",aten::rsub,81.71500000043306,0.0,
1,0,0,0,1.3440000000409782,"""""","void at::native::vectorized_elementwise_kernel<4, at::native::CUDAFunctorOnOther_add<c10::Half>, std::array<char*, 2ul> >(int, at::native::CUDAFunctorOnOther_add<c10::Half>, std::array<char*, 2ul>)",0,1.3440000000409782,
2,0,327.8420000000624,0,7.615999999805354,"""""",<built-in method masked_fill of Tensor object at 0x7146fb5b6da0>,25.924000000115484,0.0,
2,0,301.9179999999469,0,7.615999999805354,"""""",aten::masked_fill,12.18999999994412,0.0,
2,0,0,0,2.94399999990128,"""""","void at::native::vectorized_elementwise_kernel<4, at::native::(anonymous namespace)::masked_fill_kernel(at::TensorIterator&, c10::Scalar const&)::{lambda()#1}::operator()() const::{lambda()#11}::operator()() const::{lambda(c10::Half, bool)#1}, std::array<char*, 3ul> >(int, at::native::(anonymous namespace)::masked_fill_kernel(at::TensorIterator&, c10::Scalar const&)::{lambda()#1}::operator()() const::{lambda()#11}::operator()() const::{lambda(c10::Half, bool)#1}, std::array<char*, 3ul>)",0,2.94399999990128,
1,0,73728.13599999994,0,3017.701000000001,"""""",nn.Module: LlamaDecoderLayer_0,6.4549999999580905,0.0,
32,0,248289.30900000047,0,51887.936000002665,"""""",torch_profiler_generate_trace.py(241): wrapped_layer_forward,-85.4409999990603,0.0,
32,0,182.914999999688,0,0,"""""",torch_profiler_generate_trace.py(148): safe_cache_len,67.03799999994226,0,
41,0,118.587999999756,0,0,"""""",torch_profiler_generate_trace.py(138): tensor_count,57.11999999941327,0,
1,0,73594.94999999995,0,3017.701000000001,"""""",profile.layer00.prefill,53.02299999992829,0.0,
32,0,245294.5680000001,0,51887.936000002665,"""""",llava/model/language_model/custom_modeling_llama.py(1228): forward,1585.2340000009863,0.0,
1,0,53527.963000000105,0,77.47400000027847,"""""",nn.Module: LlamaRMSNorm_0,4.112000000081025,0.0,
65,0,69094.42599999998,0,2280.872000001371,"""""",llava/model/language_model/custom_modeling_llama.py(139): forward,1868.0969999973895,0.0,
1,0,0,0,73933.67599999998,"""""",profile.layer00.prefill,0,73933.67599999998,
66,0,0,0,401.32700000016484,"""""","void at::native::unrolled_elementwise_kernel<at::native::direct_copy_kernel_cuda(at::TensorIteratorBase&)::{lambda()#3}::operator()() const::{lambda()#7}::operator()() const::{lambda(float)#1}, std::array<char*, 2ul>, 4, TrivialOffsetCalculator<1, unsigned int>, TrivialOffsetCalculator<1, unsigned int>, at::native::memory::LoadWithCast<1>, at::native::memory::StoreWithCast<1> >(int, at::native::direct_copy_kernel_cuda(at::TensorIteratorBase&)::{lambda()#3}::operator()() const::{lambda()#7}::operator()() const::{lambda(float)#1}, std::array<char*, 2ul>, TrivialOffsetCalculator<1, unsigned int>, TrivialOffsetCalculator<1, unsigned int>, at::native::memory::LoadWithCast<1>, at::native::memory::StoreWithCast<1>)",0,401.32700000016484,
65,0,30087.990999999456,0,311.6320000005653,"""""",<built-in method pow of Tensor object at 0x7146fb5b70c0>,375.4069999989588,0.0,
65,0,29712.584000000497,0,311.6320000005653,"""""",aten::pow,25423.358000000473,305.23200000054203,
86,0,65.04200000106357,0,0,"""""",aten::result_type,65.04200000106357,0,
65,0,0,0,305.23200000054203,"""""","void at::native::vectorized_elementwise_kernel<4, at::native::(anonymous namespace)::pow_tensor_scalar_kernel_impl<float, float>(at::TensorIteratorBase&, float)::{lambda(float)#1}, std::array<char*, 2ul> >(int, at::native::(anonymous namespace)::pow_tensor_scalar_kernel_impl<float, float>(at::TensorIteratorBase&, float)::{lambda(float)#1}, std::array<char*, 2ul>)",0,305.23200000054203,
65,0,10695.998000000138,0,502.58199999970384,"""""",<built-in method mean of Tensor object at 0x7146fb5b7110>,491.1070000003092,0.0,
65,0,10204.890999999829,0,502.58199999970384,"""""",aten::mean,8336.564999999478,495.8939999996219,
65,0,0,0,495.8939999996219,"""""","void at::native::reduce_kernel<512, 1, at::native::ReduceOp<float, at::native::MeanOps<float, float, float, float>, unsigned int, float, 4, 4> >(at::native::ReduceOp<float, at::native::MeanOps<float, float, float, float>, unsigned int, float, 4, 4>)",0,495.8939999996219,
65,0,0,0,74.75800000014715,"""""","void at::native::vectorized_elementwise_kernel<4, at::native::CUDAFunctorOnSelf_add<float>, std::array<char*, 2ul> >(int, at::native::CUDAFunctorOnSelf_add<float>, std::array<char*, 2ul>)",0,74.75800000014715,
65,0,17834.05400000082,0,80.13699999975506,"""""",<built-in method rsqrt of type object at 0x71495b359d60>,293.23500000021886,0.0,
65,0,17540.8190000006,0,80.13699999975506,"""""",aten::rsqrt,14561.064000000246,78.92099999974016,
65,0,0,0,78.92099999974016,"""""","void at::native::vectorized_elementwise_kernel<4, at::native::rsqrt_kernel_cuda(at::TensorIteratorBase&)::{lambda()#2}::operator()() const::{lambda()#2}::operator()() const::{lambda(float)#1}, std::array<char*, 2ul> >(int, at::native::rsqrt_kernel_cuda(at::TensorIteratorBase&)::{lambda()#2}::operator()() const::{lambda()#2}::operator()() const::{lambda(float)#1}, std::array<char*, 2ul>)",0,78.92099999974016,
65,0,0,0,348.0490000003483,"""""","void at::native::elementwise_kernel<128, 2, at::native::gpu_kernel_impl_nocast<at::native::BinaryFunctor<float, float, float, at::native::binary_internal::MulFunctor<float> > >(at::TensorIteratorBase&, at::native::BinaryFunctor<float, float, float, at::native::binary_internal::MulFunctor<float> > const&)::{lambda(int)#1}>(int, at::native::gpu_kernel_impl_nocast<at::native::BinaryFunctor<float, float, float, at::native::binary_internal::MulFunctor<float> > >(at::TensorIteratorBase&, at::native::BinaryFunctor<float, float, float, at::native::binary_internal::MulFunctor<float> > const&)::{lambda(int)#1})",0,348.0490000003483,
214,0,0,0,1197.0450000016717,"""""","void at::native::elementwise_kernel<128, 4, at::native::gpu_kernel_impl_nocast<at::native::BinaryFunctor<c10::Half, c10::Half, c10::Half, at::native::binary_internal::MulFunctor<float> > >(at::TensorIteratorBase&, at::native::BinaryFunctor<c10::Half, c10::Half, c10::Half, at::native::binary_internal::MulFunctor<float> > const&)::{lambda(int)#1}>(int, at::native::gpu_kernel_impl_nocast<at::native::BinaryFunctor<c10::Half, c10::Half, c10::Half, at::native::binary_internal::MulFunctor<float> > >(at::TensorIteratorBase&, at::native::BinaryFunctor<c10::Half, c10::Half, c10::Half, at::native::binary_internal::MulFunctor<float> > const&)::{lambda(int)#1})",0,1197.0450000016717,
1,0,13793.686999999918,0,1290.1359999995911,"""""",nn.Module: VisiPrunerLlamaAttention_0,6.500999999931082,0.0,
64,0,172185.83199999947,0,49245.0960000013,"""""",torch_profiler_generate_trace.py(293): wrapped_component_forward,-1546.3250000013504,0.0,
1,0,13671.99700000009,0,1290.1359999995911,"""""",profile.layer00.prefill.attn,104.9680000001099,0.0,
32,0,140573.91600000043,0,21388.103000000934,"""""",llava/model/language_model/custom_modeling_llama.py(614): forward,6992.587999998243,0.0,
1,0,308.78899999998976,0,292.0439999999944,"""""",nn.Module: Linear_146,3.4450000000651926,0.0,
289,0,29406.540000000852,0,42195.51300000015,"""""",aten::matmul,2950.3429999989457,0.0,
225,0,20505.786000000662,0,40812.920000000624,"""""",aten::mm,15188.333000000333,40187.67700000061,
1,0,0,0,13402.231000000029,"""""",profile.layer00.prefill.attn,0,13402.231000000029,
114,0,0,0,26274.48299999989,"""""",ampere_fp16_s1688gemm_fp16_64x128_sliced1x2_ldg8_f2f_tn,0,26274.48299999989,
1,0,90.63799999991897,0,142.47000000008848,"""""",nn.Module: Linear_147,2.3499999998603016,0.0,
1,0,66.75500000000466,0,143.2049999999581,"""""",nn.Module: Linear_148,2.1770000000251457,0.0,
1,0,222.23600000003353,0,4.351000000024214,"""""",nn.Module: LlamaRotaryEmbedding_0,3.693000000086613,0.0,
32,0,6758.826999999932,0,134.24499999999534,"""""",llava/model/language_model/custom_modeling_llama.py(175): forward,1123.9720000005327,0.0,
57,0,0,0,65.38000000012107,"""""","void at::native::unrolled_elementwise_kernel<at::native::CUDAFunctorOnSelf_add<long>, std::array<char*, 2ul>, 4, TrivialOffsetCalculator<1, unsigned int>, TrivialOffsetCalculator<1, unsigned int>, at::native::memory::LoadWithoutCast, at::native::memory::StoreWithoutCast>(int, at::native::CUDAFunctorOnSelf_add<long>, std::array<char*, 2ul>, TrivialOffsetCalculator<1, unsigned int>, TrivialOffsetCalculator<1, unsigned int>, at::native::memory::LoadWithoutCast, at::native::memory::StoreWithoutCast)",0,65.38000000012107,
32,0,21539.962000000174,0,2014.6960000009276,"""""",llava/model/language_model/custom_modeling_llama.py(238): apply_rotary_pos_emb,1519.306999998982,0.0,
64,0,14154.350000000442,0,790.9509999996517,"""""",llava/model/language_model/custom_modeling_llama.py(231): rotate_half,1194.962000000407,0.0,
64,0,10951.102999999886,0,232.43000000051688,"""""",aten::neg,8685.719000000507,228.49300000048243,
64,0,0,0,228.49300000048243,"""""","void at::native::elementwise_kernel<128, 4, at::native::gpu_kernel_impl_nocast<at::native::neg_kernel_cuda(at::TensorIteratorBase&)::{lambda()#2}::operator()() const::{lambda()#8}::operator()() const::{lambda(c10::Half)#1}>(at::TensorIteratorBase&, at::native::neg_kernel_cuda(at::TensorIteratorBase&)::{lambda()#2}::operator()() const::{lambda()#8}::operator()() const::{lambda(c10::Half)#1} const&)::{lambda(int)#1}>(int, at::native::gpu_kernel_impl_nocast<at::native::neg_kernel_cuda(at::TensorIteratorBase&)::{lambda()#2}::operator()() const::{lambda()#8}::operator()() const::{lambda(c10::Half)#1}>(at::TensorIteratorBase&, at::native::neg_kernel_cuda(at::TensorIteratorBase&)::{lambda()#2}::operator()() const::{lambda()#8}::operator()() const::{lambda(c10::Half)#1} const&)::{lambda(int)#1})",0,228.49300000048243,
64,0,0,0,547.6079999991925,"""""","void at::native::(anonymous namespace)::CatArrayBatchedCopy<at::native::(anonymous namespace)::OpaqueType<2u>, unsigned int, 4, 64, 64>(at::native::(anonymous namespace)::OpaqueType<2u>*, at::native::(anonymous namespace)::CatArrInputTensorMetadata<at::native::(anonymous namespace)::OpaqueType<2u>, unsigned int, 64, 64>, at::native::(anonymous namespace)::TensorSizeStride<unsigned int, 4u>, int, unsigned int)",0,547.6079999991925,
118,0,0,0,1034.5810000002384,"""""","void at::native::elementwise_kernel<128, 4, at::native::gpu_kernel_impl_nocast<at::native::CUDAFunctor_add<c10::Half> >(at::TensorIteratorBase&, at::native::CUDAFunctor_add<c10::Half> const&)::{lambda(int)#1}>(int, at::native::gpu_kernel_impl_nocast<at::native::CUDAFunctor_add<c10::Half> >(at::TensorIteratorBase&, at::native::CUDAFunctor_add<c10::Half> const&)::{lambda(int)#1})",0,1034.5810000002384,
32,0,114.42200000025332,0,0,"""""",transformers/cache_utils.py(95): update,78.76100000063889,0,
64,0,61.0740000003716,0,0,"""""",llava/model/language_model/custom_modeling_llama.py(300): repeat_kv,61.0740000003716,0,
64,0,6169.531999999424,0,1382.5929999995278,"""""",<built-in method matmul of type object at 0x71495b359d60>,276.5019999985816,0.0,
96,0,72.59900000027847,0,0,"""""",aten::_reshape_alias,72.59900000027847,0,
19,0,0,0,611.5160000001779,"""""",ampere_fp16_s1688gemm_fp16_128x128_ldg8_f2f_stages_32x1_tn,0,611.5160000001779,
32,0,27.126999999862164,0,0,"""""",<built-in function sqrt>,27.126999999862164,0,
32,0,0,0,629.181000000448,"""""","void at::native::vectorized_elementwise_kernel<4, at::native::BUnaryFunctor<c10::Half, c10::Half, c10::Half, at::native::binary_internal::MulFunctor<float> >, std::array<char*, 2ul> >(int, at::native::BUnaryFunctor<c10::Half, c10::Half, c10::Half, at::native::binary_internal::MulFunctor<float> >, std::array<char*, 2ul>)",0,629.181000000448,
19,0,0,0,800.8369999998249,"""""","void (anonymous namespace)::softmax_warp_forward<c10::Half, float, float, 10, false, false, 32>(float*, c10::Half const*, int, int, int, bool const*, int, bool)",0,800.8369999998249,
22,0,0,0,91.77599999960512,"""""","void at::native::reduce_kernel<512, 1, at::native::ReduceOp<c10::Half, at::native::func_wrapper_t<c10::Half, at::native::sum_functor<c10::Half, float, c10::Half>::operator()(at::TensorIterator&)::{lambda(float, float)#1}>, unsigned int, c10::Half, 4, 8> >(at::native::ReduceOp<c10::Half, at::native::func_wrapper_t<c10::Half, at::native::sum_functor<c10::Half, float, c10::Half>::operator()(at::TensorIterator&)::{lambda(float, float)#1}>, unsigned int, c10::Half, 4, 8>)",0,91.77599999960512,
6,0,0,0,27.71400000003632,"""""","void at::native::elementwise_kernel<128, 4, at::native::gpu_kernel_impl_nocast<at::native::FillFunctor<c10::Half> >(at::TensorIteratorBase&, at::native::FillFunctor<c10::Half> const&)::{lambda(int)#1}>(int, at::native::gpu_kernel_impl_nocast<at::native::FillFunctor<c10::Half> >(at::TensorIteratorBase&, at::native::FillFunctor<c10::Half> const&)::{lambda(int)#1})",0,27.71400000003632,
19,0,0,0,619.741000000271,"""""",void cutlass::Kernel2<cutlass_80_tensorop_f16_s16816gemm_relu_f16_64x64_32x6_nn_align8>(cutlass_80_tensorop_f16_s16816gemm_relu_f16_64x64_32x6_nn_align8::Params),0,619.741000000271,
1,0,109.58100000000559,0,144.00600000005215,"""""",nn.Module: Linear_149,4.562999999965541,0.0,
1,0,270.24300000001676,0,44.483000000123866,"""""",nn.Module: LlamaRMSNorm_1,2.609000000054948,0.0,
1,0,5806.018999999971,0,1587.815000000177,"""""",nn.Module: LlamaMLP_0,2.7049999999580905,0.0,
1,0,5729.793000000063,0,1587.815000000177,"""""",profile.layer00.prefill.mlp,68.53000000002794,0.0,
32,0,26621.8400000002,0,27856.993000000366,"""""",llava/model/language_model/custom_modeling_llama.py(277): forward,1396.4039999991655,0.0,
1,0,115.12800000002608,0,395.47400000004563,"""""",nn.Module: Linear_150,2.5540000000037253,0.0,
1,0,0,0,6150.067000000039,"""""",profile.layer00.prefill.mlp,0,6150.067000000039,
1,0,5214.113000000012,0,31.170000000158325,"""""",nn.Module: SiLU_0,3.7010000000009313,0.0,
32,0,6125.354999999865,0,338.16299999994226,"""""",torch/nn/modules/activation.py(471): forward,71.58499999949709,0.0,
32,0,6053.770000000368,0,338.16299999994226,"""""",torch/nn/functional.py(2375): silu,62.42599999974482,0.0,
32,0,5979.05800000031,0,338.16299999994226,"""""",<built-in function silu>,154.52600000053644,0.0,
32,0,5824.531999999774,0,338.16299999994226,"""""",aten::silu,4762.144999999669,322.5779999998631,
32,0,0,0,322.5779999998631,"""""","void at::native::vectorized_elementwise_kernel<4, at::native::(anonymous namespace)::silu_kernel(at::TensorIteratorBase&)::{lambda()#1}::operator()() const::{lambda()#5}::operator()() const::{lambda(c10::Half)#1}, std::array<char*, 2ul> >(int, at::native::(anonymous namespace)::silu_kernel(at::TensorIteratorBase&)::{lambda()#1}::operator()() const::{lambda()#5}::operator()() const::{lambda(c10::Half)#1}, std::array<char*, 2ul>)",0,322.5779999998631,
1,0,98.7949999999255,0,396.01799999992363,"""""",nn.Module: Linear_151,2.6709999998565763,0.0,
1,0,140.5450000000419,0,735.7760000000708,"""""",nn.Module: Linear_152,2.224000000045635,0.0,
19,0,0,0,6972.630999999819,"""""",ampere_fp16_s1688gemm_fp16_128x64_sliced1x2_ldg8_f2f_tn,0,6972.630999999819,
1,0,2840.002000000095,0,2187.555000000517,"""""",nn.Module: LlamaDecoderLayer_1,4.179000000120141,0.0,
1,0,2743.226000000024,0,2187.555000000517,"""""",profile.layer01.prefill,31.741999999969266,0.0,
1,0,246.81400000001304,0,43.39399999997113,"""""",nn.Module: LlamaRMSNorm_2,2.5109999999403954,0.0,
1,0,0,0,3604.3220000000438,"""""",profile.layer01.prefill,0,3604.3220000000438,
1,0,1800.5050000000047,0,880.4870000003139,"""""",nn.Module: VisiPrunerLlamaAttention_1,3.061000000103377,0.0,
1,0,1749.7210000000196,0,880.4870000003139,"""""",profile.layer01.prefill.attn,42.72299999999814,0.0,
1,0,86.96900000004098,0,145.6700000000419,"""""",nn.Module: Linear_153,1.6269999999785796,0.0,
1,0,0,0,1756.2710000000661,"""""",profile.layer01.prefill.attn,0,1756.2710000000661,
1,0,58.30500000005122,0,144.2939999999944,"""""",nn.Module: Linear_154,1.5270000000018626,0.0,
1,0,57.175000000046566,0,143.90999999991618,"""""",nn.Module: Linear_155,1.4459999999962747,0.0,
1,0,282.469000000041,0,4.096000000019558,"""""",nn.Module: LlamaRotaryEmbedding_1,2.8050000000512227,0.0,
1,0,105.03999999992084,0,145.2860000000801,"""""",nn.Module: Linear_156,2.8959999998332933,0.0,
1,0,210.85899999993853,0,43.17000000027474,"""""",nn.Module: LlamaRMSNorm_3,1.9919999999692664,0.0,
1,0,363.43700000003446,0,1202.5499999999302,"""""",nn.Module: LlamaMLP_1,1.768999999971129,0.0,
1,0,316.8839999999618,0,1202.5499999999302,"""""",profile.layer01.prefill.mlp,33.9989999999525,0.0,
1,0,73.90299999993294,0,396.3059999999823,"""""",nn.Module: Linear_157,1.4769999999552965,0.0,
1,0,0,0,1206.2299999999814,"""""",profile.layer01.prefill.mlp,0,1206.2299999999814,
1,0,34.410000000032596,0,15.45699999993667,"""""",nn.Module: SiLU_1,1.481000000028871,0.0,
1,0,58.40200000000186,0,394.80200000002515,"""""",nn.Module: Linear_158,1.3050000000512227,0.0,
1,0,59.81599999999162,0,367.11999999999534,"""""",nn.Module: Linear_159,1.5230000000447035,0.0,
1,0,2951.712999999989,0,2168.1550000002608,"""""",nn.Module: LlamaDecoderLayer_2,3.2910000000847504,0.0,
1,0,2884.1329999999143,0,2168.1550000002608,"""""",profile.layer02.prefill,26.238999999826774,0.0,
1,0,248.58900000003632,0,41.633000000030734,"""""",nn.Module: LlamaRMSNorm_4,1.7999999999301508,0.0,
1,0,0,0,3731.173999999999,"""""",profile.layer02.prefill,0,3731.173999999999,
1,0,1927.673999999999,0,858.9780000002356,"""""",nn.Module: VisiPrunerLlamaAttention_2,3.1519999998854473,0.0,
1,0,1883.5749999999534,0,858.9780000002356,"""""",profile.layer02.prefill.attn,37.92099999997299,0.0,
1,0,91.90200000000186,0,146.40499999991152,"""""",nn.Module: Linear_160,2.4039999999804422,0.0,
1,0,0,0,1900.0839999999152,"""""",profile.layer02.prefill.attn,0,1900.0839999999152,
1,0,142.82299999997485,0,144.86999999999534,"""""",nn.Module: Linear_161,1.8209999998798594,0.0,
1,0,63.48799999989569,0,144.29300000006333,"""""",nn.Module: Linear_162,1.497999999905005,0.0,
1,0,191.94700000004377,0,4.127999999909662,"""""",nn.Module: LlamaRotaryEmbedding_2,2.6230000001378357,0.0,
1,0,83.5800000000745,0,145.47799999988638,"""""",nn.Module: Linear_163,2.587000000057742,0.0,
1,0,216.82099999999627,0,44.06599999999162,"""""",nn.Module: LlamaRMSNorm_5,2.0109999999403954,0.0,
1,0,376.7049999999581,0,1205.9100000000326,"""""",nn.Module: LlamaMLP_2,1.871999999973923,0.0,
1,0,331.5370000000112,0,1205.9100000000326,"""""",profile.layer02.prefill.mlp,33.51899999997113,0.0,
1,0,82.5570000000298,0,397.905999999959,"""""",nn.Module: Linear_164,1.4689999999245629,0.0,
1,0,0,0,1209.621999999974,"""""",profile.layer02.prefill.mlp,0,1209.621999999974,
1,0,31.096000000019558,0,15.77600000007078,"""""",nn.Module: SiLU_2,1.6730000000679865,0.0,
1,0,59.10400000005029,0,395.15399999998044,"""""",nn.Module: Linear_165,1.606000000028871,0.0,
1,0,61.849000000045635,0,368.1119999999646,"""""",nn.Module: Linear_166,1.8050000000512227,0.0,
1,0,2715.0209999999497,0,2221.856000000378,"""""",nn.Module: LlamaDecoderLayer_3,3.040999999968335,0.0,
1,0,2647.704000000027,0,2221.856000000378,"""""",profile.layer03.prefill,25.93500000005588,0.0,
1,0,231.94700000004377,0,82.97999999998137,"""""",nn.Module: LlamaRMSNorm_6,1.8500000000931323,0.0,
1,0,0,0,3519.7420000000857,"""""",profile.layer03.prefill,0,3519.7420000000857,
1,0,1728.2970000000205,0,876.7730000001611,"""""",nn.Module: VisiPrunerLlamaAttention_3,3.2690000000875443,0.0,
1,0,1684.0599999999395,0,876.7730000001611,"""""",profile.layer03.prefill.attn,36.93900000001304,0.0,
1,0,92.59199999994598,0,145.22199999995064,"""""",nn.Module: Linear_167,1.6079999998910353,0.0,
1,0,0,0,1697.7079999999842,"""""",profile.layer03.prefill.attn,0,1697.7079999999842,
1,0,58.85500000009779,0,143.71799999999348,"""""",nn.Module: Linear_168,1.7340000001713634,0.0,
1,0,65.39600000006612,0,144.03800000005867,"""""",nn.Module: Linear_169,1.4760000000242144,0.0,
1,0,271.920999999973,0,4.3169999999227,"""""",nn.Module: LlamaRotaryEmbedding_3,2.73499999998603,0.0,
1,0,77.46699999994598,0,145.02999999991152,"""""",nn.Module: Linear_170,2.4649999999674037,0.0,
1,0,213.37199999997392,0,42.4320000000298,"""""",nn.Module: LlamaRMSNorm_7,1.9499999999534339,0.0,
1,0,358.36899999994785,0,1202.0060000000522,"""""",nn.Module: LlamaMLP_3,1.740999999921769,0.0,
1,0,316.57400000002235,0,1202.0060000000522,"""""",profile.layer03.prefill.mlp,32.192000000039116,0.0,
1,0,77.76400000008289,0,396.56200000003446,"""""",nn.Module: Linear_171,1.422000000020489,0.0,
1,0,0,0,1205.814000000013,"""""",profile.layer03.prefill.mlp,0,1205.814000000013,
1,0,28.944000000017695,0,15.680999999982305,"""""",nn.Module: SiLU_3,1.4600000000791624,0.0,
1,0,58.985000000102445,0,393.8730000000214,"""""",nn.Module: Linear_172,1.2200000000884756,0.0,
1,0,63.99800000002142,0,367.0879999999888,"""""",nn.Module: Linear_173,1.5150000000139698,0.0,
1,0,3081.3439999999246,0,2170.9170000001322,"""""",nn.Module: LlamaDecoderLayer_4,3.0709999998798594,0.0,
1,0,3013.701000000001,0,2170.9170000001322,"""""",profile.layer04.prefill,27.07100000011269,0.0,
1,0,250.08299999998417,0,41.34699999995064,"""""",nn.Module: LlamaRMSNorm_8,1.8800000000046566,0.0,
1,0,0,0,3874.9899999999907,"""""",profile.layer04.prefill,0,3874.9899999999907,
1,0,2017.917999999947,0,862.7290000001667,"""""",nn.Module: VisiPrunerLlamaAttention_4,3.0219999998807907,0.0,
1,0,1975.2419999999693,0,862.7290000001667,"""""",profile.layer04.prefill.attn,45.25399999995716,0.0,
1,0,84.54200000001583,0,146.31000000005588,"""""",nn.Module: Linear_174,1.706000000005588,0.0,
1,0,0,0,1979.3850000000093,"""""",profile.layer04.prefill.attn,0,1979.3850000000093,
1,0,78.88799999991897,0,144.1030000000028,"""""",nn.Module: Linear_175,1.6709999998565763,0.0,
1,0,55.737000000081025,0,144.45400000014342,"""""",nn.Module: Linear_176,1.7880000001750886,0.0,
1,0,264.45100000000093,0,4.158999999752268,"""""",nn.Module: LlamaRotaryEmbedding_4,2.51500000001397,0.0,
1,0,91.49199999996927,0,145.54400000011083,"""""",nn.Module: Linear_177,3.1729999999515712,0.0,
1,0,232.08699999994133,0,44.579000000143424,"""""",nn.Module: LlamaRMSNorm_9,2.978999999933876,0.0,
1,0,391.59799999999814,0,1204.980999999796,"""""",nn.Module: LlamaMLP_4,2.3199999999487773,0.0,
1,0,343.81099999998696,0,1204.980999999796,"""""",profile.layer04.prefill.mlp,35.83399999991525,0.0,
1,0,81.95600000000559,0,396.6899999999441,"""""",nn.Module: Linear_178,2.1450000000186265,0.0,
1,0,0,0,1208.8859999999404,"""""",profile.layer04.prefill.mlp,0,1208.8859999999404,
1,0,32.00199999997858,0,15.520999999949709,"""""",nn.Module: SiLU_4,1.6579999999376014,0.0,
1,0,57.57900000002701,0,396.84900000004563,"""""",nn.Module: Linear_179,1.5209999999497086,0.0,
1,0,66.92900000000373,0,367.31199999991804,"""""",nn.Module: Linear_180,1.8970000001136214,0.0,
1,0,2802.2050000000745,0,2184.1940000002505,"""""",nn.Module: LlamaDecoderLayer_5,3.425000000046566,0.0,
1,0,2732.3940000000875,0,2184.1940000002505,"""""",profile.layer05.prefill,27.12200000009034,0.0,
1,0,237.38199999998324,0,42.49700000009034,"""""",nn.Module: LlamaRMSNorm_10,1.9059999999590218,0.0,
1,0,0,0,3595.2970000000205,"""""",profile.layer05.prefill,0,3595.2970000000205,
1,0,1771.0289999999804,0,879.5560000003316,"""""",nn.Module: VisiPrunerLlamaAttention_5,3.08199999993667,0.0,
1,0,1727.8090000000084,0,879.5560000003316,"""""",profile.layer05.prefill.attn,38.955000000074506,0.0,
1,0,110.63000000000466,0,145.73400000005495,"""""",nn.Module: Linear_181,1.865000000107102,0.0,
1,0,0,0,1729.389000000083,"""""",profile.layer05.prefill.attn,0,1729.389000000083,
1,0,68.99300000001676,0,145.12699999997858,"""""",nn.Module: Linear_182,1.8900000000139698,0.0,
1,0,57.42300000006799,0,143.94200000003912,"""""",nn.Module: Linear_183,1.650000000023283,0.0,
1,0,276.49700000009034,0,4.288000000058673,"""""",nn.Module: LlamaRotaryEmbedding_5,2.7230000001145527,0.0,
1,0,81.66700000001583,0,145.35100000002421,"""""",nn.Module: Linear_184,2.809000000008382,0.0,
1,0,229.0810000000056,0,42.1480000000447,"""""",nn.Module: LlamaRMSNorm_11,1.9420000000391155,0.0,
1,0,378.90500000002794,0,1202.3269999998156,"""""",nn.Module: LlamaMLP_5,1.9710000000195578,0.0,
1,0,334.29099999996834,0,1202.3269999998156,"""""",profile.layer05.prefill.mlp,33.743000000016764,0.0,
1,0,85.76100000005681,0,395.6339999999618,"""""",nn.Module: Linear_185,1.6160000001545995,0.0,
1,0,0,0,1206.1979999999749,"""""",profile.layer05.prefill.mlp,0,1206.1979999999749,
1,0,31.527999999932945,0,15.616999999969266,"""""",nn.Module: SiLU_5,1.5729999999748543,0.0,
1,0,62.18900000001304,0,395.0579999999609,"""""",nn.Module: Linear_186,1.5200000000186265,0.0,
1,0,63.17299999995157,0,367.31199999991804,"""""",nn.Module: Linear_187,1.7399999998742715,0.0,
1,0,2906.57500000007,0,2158.657000000123,"""""",nn.Module: LlamaDecoderLayer_6,3.840000000083819,0.0,
1,0,2839.8059999999823,0,2158.657000000123,"""""",profile.layer06.prefill,27.135000000009313,0.0,
1,0,223.94899999990594,0,41.76199999987148,"""""",nn.Module: LlamaRMSNorm_12,2.101999999838881,0.0,
1,0,0,0,3687.878000000026,"""""",profile.layer06.prefill,0,3687.878000000026,
1,0,1876.7560000000522,0,853.2890000002226,"""""",nn.Module: VisiPrunerLlamaAttention_6,2.896000000066124,0.0,
1,0,1833.875,0,853.2890000002226,"""""",profile.layer06.prefill.attn,41.38099999993574,0.0,
1,0,91.10400000005029,0,146.56700000003912,"""""",nn.Module: Linear_188,2.0899999999674037,0.0,
1,0,0,0,1840.8180000000866,"""""",profile.layer06.prefill.attn,0,1840.8180000000866,
1,0,59.563000000081956,0,145.12699999997858,"""""",nn.Module: Linear_189,1.7290000001667067,0.0,
1,0,62.82600000000093,0,144.32600000000093,"""""",nn.Module: Linear_190,6.064999999944121,0.0,
1,0,291.1949999999488,0,4.448999999789521,"""""",nn.Module: LlamaRotaryEmbedding_6,2.636999999987893,0.0,
1,0,169.72400000004563,0,145.1260000000475,"""""",nn.Module: Linear_191,3.5250000001396984,0.0,
1,0,217.6369999999879,0,43.16900000011083,"""""",nn.Module: LlamaRMSNorm_13,2.6179999999003485,0.0,
1,0,401.905999999959,0,1203.5079999999143,"""""",nn.Module: LlamaMLP_6,2.2899999999208376,0.0,
1,0,348.85999999998603,0,1203.5079999999143,"""""",profile.layer06.prefill.mlp,36.20600000000559,0.0,
1,0,80.9110000000801,0,397.39400000008754,"""""",nn.Module: Linear_192,1.865000000107102,0.0,
1,0,0,0,1207.4459999999963,"""""",profile.layer06.prefill.mlp,0,1207.4459999999963,
1,0,31.906000000075437,0,15.520000000018626,"""""",nn.Module: SiLU_6,1.8100000000558794,0.0,
1,0,57.368000000016764,0,394.12899999995716,"""""",nn.Module: Linear_193,1.4300000000512227,0.0,
1,0,68.61999999999534,0,367.7599999998929,"""""",nn.Module: Linear_194,1.9009999999543652,0.0,
1,0,61362.43499999994,0,2349.5779999997467,"""""",nn.Module: LlamaDecoderLayer_7,4.493999999947846,0.0,
1,0,61288.44499999995,0,2349.5779999997467,"""""",profile.layer07.prefill,31.042000000015832,0.0,
1,0,233.795999999973,0,42.786999999778345,"""""",nn.Module: LlamaRMSNorm_14,1.853000000002794,0.0,
1,0,0,0,62104.956000000006,"""""",profile.layer07.prefill,0,62104.956000000006,
1,0,60064.7919999999,0,1042.6069999998435,"""""",nn.Module: VisiPrunerLlamaAttention_7,3.753999999957159,0.0,
1,0,60019.84500000009,0,1042.6069999998435,"""""",profile.layer07.prefill.attn,46.35600000002887,0.0,
1,0,86.0920000000624,0,145.12699999997858,"""""",nn.Module: Linear_195,1.780000000144355,0.0,
1,0,0,0,60017.91799999995,"""""",profile.layer07.prefill.attn,0,60017.91799999995,
1,0,62.415999999968335,0,143.9100000000326,"""""",nn.Module: Linear_196,1.8730000000214204,0.0,
1,0,55.54600000008941,0,144.42299999995157,"""""",nn.Module: Linear_197,1.6030000001192093,0.0,
1,0,280.7060000000056,0,4.127999999909662,"""""",nn.Module: LlamaRotaryEmbedding_7,2.4679999999934807,0.0,
21,0,72281.01000000036,0,1254.1079999995418,"""""",torch_profiler_generate_trace.py(314): wrapped_select,-451.920000000624,0.0,
1,0,58086.31599999999,0,82.18000000016764,"""""",profile.value_aware_token_selection.layer07,98.23199999995995,0.0,
21,0,69974.1499999999,0,1254.1079999995418,"""""",llava/model/language_model/custom_modeling_llama.py(550): value_aware_token_selection,1806.8149999994785,0.0,
1,0,0,0,57914.68800000008,"""""",profile.value_aware_token_selection.layer07,0,57914.68800000008,
21,0,216.4330000000773,0,0,"""""",<built-in method permute of Tensor object at 0x7146fb5b7930>,112.32800000021234,0,
22,0,108.23799999989569,0,0,"""""",aten::permute,87.07000000006519,0,
21,0,52921.34699999972,0,779.2039999988629,"""""",<built-in method cosine_similarity of type object at 0x71495b359d60>,176.86599999968894,0.0,
21,0,52744.48100000003,0,779.2039999988629,"""""",aten::cosine_similarity,788.7009999990696,0.0,
43,0,32311.777999999933,0,289.57899999967776,"""""",aten::linalg_vector_norm,28289.988999999478,283.3389999996871,
43,0,0,0,266.9239999996498,"""""","void at::native::reduce_kernel<512, 1, at::native::ReduceOp<c10::Half, at::native::NormTwoOps<c10::Half, float, c10::Half, true>, unsigned int, c10::Half, 4, 4> >(at::native::ReduceOp<c10::Half, at::native::NormTwoOps<c10::Half, float, c10::Half, true>, unsigned int, c10::Half, 4, 4>)",0,266.9239999996498,
21,0,484.0349999999162,0,19.84099999978207,"""""",aten::scalar_tensor,122.64699999964796,0.0,
42,0,16366.231000000262,0,97.3490000005113,"""""",aten::clamp_min_,13158.616000000155,94.59700000053272,
42,0,0,0,94.59700000053272,"""""","void at::native::elementwise_kernel<128, 4, at::native::gpu_kernel_impl<at::native::BinaryFunctor<c10::Half, c10::Half, c10::Half, at::native::maximum_kernel_cuda(at::TensorIteratorBase&)::{lambda()#2}::operator()() const::{lambda()#3}::operator()() const::{lambda(c10::Half, c10::Half)#1}> >(at::TensorIteratorBase&, at::native::BinaryFunctor<c10::Half, c10::Half, c10::Half, at::native::maximum_kernel_cuda(at::TensorIteratorBase&)::{lambda()#2}::operator()() const::{lambda()#3}::operator()() const::{lambda(c10::Half, c10::Half)#1}> const&)::{lambda(int)#1}>(int, at::native::gpu_kernel_impl<at::native::BinaryFunctor<c10::Half, c10::Half, c10::Half, at::native::maximum_kernel_cuda(at::TensorIteratorBase&)::{lambda()#2}::operator()() const::{lambda()#3}::operator()() const::{lambda(c10::Half, c10::Half)#1}> >(at::TensorIteratorBase&, at::native::BinaryFunctor<c10::Half, c10::Half, c10::Half, at::native::maximum_kernel_cuda(at::TensorIteratorBase&)::{lambda()#2}::operator()() const::{lambda()#3}::operator()() const::{lambda(c10::Half, c10::Half)#1}> const&)::{lambda(int)#1})",0,94.59700000053272,
42,0,0,0,179.17900000000373,"""""","void at::native::elementwise_kernel<128, 4, at::native::gpu_kernel_impl_nocast<at::native::BinaryFunctor<c10::Half, c10::Half, c10::Half, at::native::binary_internal::DivFunctor<c10::Half> > >(at::TensorIteratorBase&, at::native::BinaryFunctor<c10::Half, c10::Half, c10::Half, at::native::binary_internal::DivFunctor<c10::Half> > const&)::{lambda(int)#1}>(int, at::native::gpu_kernel_impl_nocast<at::native::BinaryFunctor<c10::Half, c10::Half, c10::Half, at::native::binary_internal::DivFunctor<c10::Half> > >(at::TensorIteratorBase&, at::native::BinaryFunctor<c10::Half, c10::Half, c10::Half, at::native::binary_internal::DivFunctor<c10::Half> > const&)::{lambda(int)#1})",0,179.17900000000373,
22,0,237.9279999997234,0,0,"""""",<built-in method squeeze of Tensor object at 0x7146fb5b7f20>,142.05599999974947,0,
22,0,95.87199999997392,0,0,"""""",aten::squeeze,80.03400000010151,0,
22,0,0,0,28.962000000057742,"""""","void at::native::vectorized_elementwise_kernel<4, at::native::compare_scalar_kernel<c10::Half>(at::TensorIteratorBase&, at::native::(anonymous namespace)::OpType, c10::Half)::{lambda(c10::Half)#1}, std::array<char*, 2ul> >(int, at::native::compare_scalar_kernel<c10::Half>(at::TensorIteratorBase&, at::native::(anonymous namespace)::OpType, c10::Half)::{lambda(c10::Half)#1}, std::array<char*, 2ul>)",0,28.962000000057742,
21,0,10219.778000000166,0,49.89000000001397,"""""",<built-in method any of type object at 0x71495b359d60>,136.15300000051502,0.0,
21,0,10083.62499999965,0,49.89000000001397,"""""",aten::any,8362.887999999919,47.8420000000624,
21,0,0,0,47.8420000000624,"""""","void at::native::reduce_kernel<512, 1, at::native::ReduceOp<bool, at::native::func_wrapper_t<bool, at::native::or_kernel_cuda(at::TensorIterator&)::{lambda()#1}::operator()() const::{lambda()#12}::operator()() const::{lambda(bool, bool)#1}>, unsigned int, bool, 4, 4> >(at::native::ReduceOp<bool, at::native::func_wrapper_t<bool, at::native::or_kernel_cuda(at::TensorIterator&)::{lambda()#1}::operator()() const::{lambda()#12}::operator()() const::{lambda(bool, bool)#1}>, unsigned int, bool, 4, 4>)",0,47.8420000000624,
21,0,557.972000000067,0,20.704000000143424,"""""",<built-in method item of Tensor object at 0x7146fb5b7f70>,93.2589999998454,0.0,
1,0,217.14400000008754,0,144.42299999995157,"""""",nn.Module: Linear_198,4.345000000088476,0.0,
1,0,331.99199999996927,0,41.98499999998603,"""""",nn.Module: LlamaRMSNorm_15,3.1149999999906868,0.0,
1,0,494.57499999995343,0,1206.487000000081,"""""",nn.Module: LlamaMLP_7,2.238000000012107,0.0,
1,0,422.1479999999283,0,1206.487000000081,"""""",profile.layer07.prefill.mlp,61.135999999940395,0.0,
1,0,110.98999999999069,0,400.1779999999562,"""""",nn.Module: Linear_199,2.08199999993667,0.0,
1,0,0,0,1210.2949999999255,"""""",profile.layer07.prefill.mlp,0,1210.2949999999255,
1,0,43.311999999918044,0,15.297000000020489,"""""",nn.Module: SiLU_7,1.9329999999608845,0.0,
1,0,62.42799999995623,0,394.60999999998603,"""""",nn.Module: Linear_200,1.9710000000195578,0.0,
1,0,74.61800000001676,0,367.377000000095,"""""",nn.Module: Linear_201,1.8260000000009313,0.0,
1,0,4179.880000000005,0,2227.853000000003,"""""",nn.Module: LlamaDecoderLayer_8,4.996999999973923,0.0,
1,0,4090.1509999999544,0,2227.853000000003,"""""",profile.layer08.prefill,30.209999999962747,0.0,
1,0,257.42399999999907,0,41.830000000074506,"""""",nn.Module: LlamaRMSNorm_16,1.8809999999357387,0.0,
1,0,0,0,4929.277000000002,"""""",profile.layer08.prefill,0,4929.277000000002,
1,0,3059.805000000051,0,920.9739999999292,"""""",nn.Module: VisiPrunerLlamaAttention_8,3.3549999999813735,0.0,
1,0,3014.409999999916,0,920.9739999999292,"""""",profile.layer08.prefill.attn,37.797999999835156,0.0,
1,0,93.14899999997579,0,144.35899999993853,"""""",nn.Module: Linear_202,1.7149999999674037,0.0,
1,0,0,0,3020.4229999999516,"""""",profile.layer08.prefill.attn,0,3020.4229999999516,
1,0,62.171999999904074,0,143.81500000006054,"""""",nn.Module: Linear_203,1.6339999999618158,0.0,
1,0,61.43999999994412,0,144.6150000001071,"""""",nn.Module: Linear_204,1.9619999999413267,0.0,
1,0,250.71899999992456,0,4.128999999957159,"""""",nn.Module: LlamaRotaryEmbedding_8,2.8179999998537824,0.0,
1,0,769.5860000000102,0,64.38899999985006,"""""",profile.value_aware_token_selection.layer08,50.46000000007916,0.0,
1,0,0,0,652.6049999999814,"""""",profile.value_aware_token_selection.layer08,0,652.6049999999814,
1,0,100.3420000000624,0,145.3190000000177,"""""",nn.Module: Linear_205,3.656000000075437,0.0,
1,0,247.56599999999162,0,44.0339999999851,"""""",nn.Module: LlamaRMSNorm_17,2.5389999999897555,0.0,
1,0,398.6939999999013,0,1204.0219999999972,"""""",nn.Module: LlamaMLP_8,2.1899999999441206,0.0,
1,0,350.2290000000503,0,1204.0219999999972,"""""",profile.layer08.prefill.mlp,35.332000000053085,0.0,
1,0,86.08700000005774,0,397.39399999997113,"""""",nn.Module: Linear_206,1.77800000004936,0.0,
1,0,0,0,1207.7660000000615,"""""",profile.layer08.prefill.mlp,0,1207.7660000000615,
1,0,38.59000000008382,0,15.489000000059605,"""""",nn.Module: SiLU_8,1.7940000001108274,0.0,
1,0,58.18999999994412,0,394.576999999932,"""""",nn.Module: Linear_207,1.5469999999040738,0.0,
1,0,70.39100000006147,0,367.79200000001583,"""""",nn.Module: Linear_208,1.693000000086613,0.0,
1,0,3684.875999999931,0,2376.108000000124,"""""",nn.Module: LlamaDecoderLayer_9,4.525999999954365,0.0,
1,0,3604.773999999976,0,2376.108000000124,"""""",profile.layer09.prefill,29.06400000001304,0.0,
1,0,253.06599999999162,0,43.10699999984354,"""""",nn.Module: LlamaRMSNorm_18,2.363000000012107,0.0,
1,0,0,0,4443.718999999925,"""""",profile.layer09.prefill,0,4443.718999999925,
1,0,2597.9360000001034,0,1067.7270000000717,"""""",nn.Module: VisiPrunerLlamaAttention_9,3.271000000066124,0.0,
1,0,2553.2930000000633,0,1067.7270000000717,"""""",profile.layer09.prefill.attn,35.53099999995902,0.0,
1,0,97.20400000002701,0,145.76600000006147,"""""",nn.Module: Linear_209,1.7889999999897555,0.0,
1,0,0,0,2566.003000000026,"""""",profile.layer09.prefill.attn,0,2566.003000000026,
1,0,68.61999999999534,0,145.5109999999404,"""""",nn.Module: Linear_210,1.5549999999348074,0.0,
1,0,58.741000000038184,0,273.2280000000028,"""""",nn.Module: Linear_211,1.5140000000828877,0.0,
1,0,394.90600000007544,0,5.152000000001863,"""""",nn.Module: LlamaRotaryEmbedding_9,3.003000000026077,0.0,
1,0,628.3960000000661,0,64.45000000018626,"""""",profile.value_aware_token_selection.layer09,44.12800000002608,0.0,
1,0,0,0,510.39100000006147,"""""",profile.value_aware_token_selection.layer09,0,510.39100000006147,
1,0,95.40700000000652,0,144.454000000027,"""""",nn.Module: Linear_212,2.8109999999869615,0.0,
1,0,226.1699999999255,0,42.78700000012759,"""""",nn.Module: LlamaRMSNorm_19,2.646999999997206,0.0,
1,0,399.85800000000745,0,1204.694000000134,"""""",nn.Module: LlamaMLP_9,2.1739999999990687,0.0,
1,0,354.1909999999916,0,1204.694000000134,"""""",profile.layer09.prefill.mlp,34.39399999997113,0.0,
1,0,84.41300000005867,0,395.82500000006985,"""""",nn.Module: Linear_213,1.7700000000186265,0.0,
1,0,0,0,1208.3420000000624,"""""",profile.layer09.prefill.mlp,0,1208.3420000000624,
1,0,33.426000000094064,0,15.904999999911524,"""""",nn.Module: SiLU_9,1.6780000001890585,0.0,
1,0,57.15800000005402,0,396.2740000000922,"""""",nn.Module: Linear_214,1.415000000037253,0.0,
1,0,74.68800000008196,0,367.4409999999916,"""""",nn.Module: Linear_215,1.7820000000065193,0.0,
1,0,3830.844000000041,0,2229.4119999997783,"""""",nn.Module: LlamaDecoderLayer_10,3.6950000000651926,0.0,
1,0,3759.874000000069,0,2229.4119999997783,"""""",profile.layer10.prefill,27.964000000152737,0.0,
1,0,234.0559999999823,0,41.76199999998789,"""""",nn.Module: LlamaRMSNorm_20,2.003999999957159,0.0,
1,0,0,0,4581.165000000037,"""""",profile.layer10.prefill,0,4581.165000000037,
1,0,2752.167000000016,0,925.385999999824,"""""",nn.Module: VisiPrunerLlamaAttention_10,3.393999999971129,0.0,
1,0,2709.0100000000093,0,925.385999999824,"""""",profile.layer10.prefill.attn,34.29100000008475,0.0,
1,0,86.58200000005309,0,145.3179999999702,"""""",nn.Module: Linear_216,1.6840000001247972,0.0,
1,0,0,0,2726.8739999999525,"""""",profile.layer10.prefill.attn,0,2726.8739999999525,
1,0,67.05200000002515,0,143.91099999996368,"""""",nn.Module: Linear_217,1.6489999999757856,0.0,
1,0,56.417999999946915,0,145.1260000000475,"""""",nn.Module: Linear_218,1.4120000000111759,0.0,
1,0,278.0569999999134,0,4.0970000001834705,"""""",nn.Module: LlamaRotaryEmbedding_10,2.8559999999124557,0.0,
1,0,589.9650000000838,0,64.67499999981374,"""""",profile.value_aware_token_selection.layer10,43.58400000014808,0.0,
1,0,0,0,481.3969999999972,"""""",profile.value_aware_token_selection.layer10,0,481.3969999999972,
1,0,98.75300000002608,0,145.73399999993853,"""""",nn.Module: Linear_219,2.85999999998603,0.0,
1,0,228.21999999997206,0,44.51400000008289,"""""",nn.Module: LlamaRMSNorm_21,2.328999999910593,0.0,
1,0,413.6269999999786,0,1200.5659999998752,"""""",nn.Module: LlamaMLP_10,2.0509999999776483,0.0,
1,0,368.05099999997765,0,1200.5659999998752,"""""",profile.layer10.prefill.mlp,38.00099999993108,0.0,
1,0,80.23800000001211,0,395.34600000001956,"""""",nn.Module: Linear_220,1.9239999999990687,0.0,
1,0,0,0,1204.341999999946,"""""",profile.layer10.prefill.mlp,0,1204.341999999946,
1,0,37.57199999992736,0,15.58399999991525,"""""",nn.Module: SiLU_10,1.5119999999878928,0.0,
1,0,85.88800000003539,0,394.0339999999851,"""""",nn.Module: Linear_221,1.4139999999897555,0.0,
1,0,65.38800000003539,0,366.96100000001024,"""""",nn.Module: Linear_222,1.797000000020489,0.0,
1,0,3436.246999999974,0,2253.7349999992875,"""""",nn.Module: LlamaDecoderLayer_11,3.3479999999981374,0.0,
1,0,3361.6350000000093,0,2253.7349999992875,"""""",profile.layer11.prefill,27.486000000033528,0.0,
1,0,240.7389999999432,0,43.01099999959115,"""""",nn.Module: LlamaRMSNorm_22,1.8189999999012798,0.0,
1,0,0,0,4206.908000000054,"""""",profile.layer11.prefill,0,4206.908000000054,
1,0,2382.439999999944,0,943.4659999998985,"""""",nn.Module: VisiPrunerLlamaAttention_11,2.9949999999953434,0.0,
1,0,2328.1750000000466,0,943.4659999998985,"""""",profile.layer11.prefill.attn,33.45799999998417,0.0,
1,0,88.15200000000186,0,146.63099999993574,"""""",nn.Module: Linear_223,1.6980000000912696,0.0,
1,0,0,0,2341.128999999957,"""""",profile.layer11.prefill.attn,0,2341.128999999957,
1,0,61.34799999999814,0,144.03799999994226,"""""",nn.Module: Linear_224,1.650000000023283,0.0,
1,0,61.680999999982305,0,144.32599999988452,"""""",nn.Module: Linear_225,1.4510000000009313,0.0,
1,0,275.10700000007637,0,4.256000000168569,"""""",nn.Module: LlamaRotaryEmbedding_11,2.6190000000642613,0.0,
1,0,582.252000000095,0,64.86599999980535,"""""",profile.value_aware_token_selection.layer11,40.10400000016671,0.0,
1,0,0,0,479.92500000004657,"""""",profile.value_aware_token_selection.layer11,0,479.92500000004657,
1,0,94.96599999989849,0,144.51799999992363,"""""",nn.Module: Linear_226,2.078999999910593,0.0,
1,0,222.22400000004563,0,43.84199999982957,"""""",nn.Module: LlamaRMSNorm_23,2.094000000040978,0.0,
1,0,394.40399999998044,0,1205.3659999999218,"""""",nn.Module: LlamaMLP_11,1.8299999999580905,0.0,
1,0,350.0250000000233,0,1205.3659999999218,"""""",profile.layer11.prefill.mlp,33.97199999995064,0.0,
1,0,79.49200000008568,0,395.7939999999944,"""""",nn.Module: Linear_227,1.815999999991618,0.0,
1,0,0,0,1209.014000000083,"""""",profile.layer11.prefill.mlp,0,1209.014000000083,
1,0,41.31999999994878,0,15.680999999982305,"""""",nn.Module: SiLU_11,1.6649999999208376,0.0,
1,0,59.67000000004191,0,396.594000000041,"""""",nn.Module: Linear_228,1.3360000000102445,0.0,
1,0,66.93799999996554,0,368.71999999997206,"""""",nn.Module: Linear_229,2.059999999939464,0.0,
1,0,3707.722999999998,0,2348.8090000000084,"""""",nn.Module: LlamaDecoderLayer_12,3.578999999910593,0.0,
1,0,3639.4989999999525,0,2348.8090000000084,"""""",profile.layer12.prefill,26.83799999987241,0.0,
1,0,242.76800000004005,0,41.76300000003539,"""""",nn.Module: LlamaRMSNorm_24,1.7110000000102445,0.0,
1,0,0,0,4615.181999999913,"""""",profile.layer12.prefill,0,4615.181999999913,
1,0,2653.993999999948,0,926.1199999997625,"""""",nn.Module: VisiPrunerLlamaAttention_12,2.9079999999376014,0.0,
1,0,2611.4250000000466,0,926.1199999997625,"""""",profile.layer12.prefill.attn,30.660000000032596,0.0,
1,0,86.43600000010338,0,146.05400000000373,"""""",nn.Module: Linear_230,1.7260000001406297,0.0,
1,0,0,0,2634.7099999999627,"""""",profile.layer12.prefill.attn,0,2634.7099999999627,
1,0,67.69999999995343,0,144.93500000005588,"""""",nn.Module: Linear_231,1.7199999999720603,0.0,
1,0,56.285000000032596,0,144.74199999996927,"""""",nn.Module: Linear_232,1.5200000000186265,0.0,
1,0,281.4900000001071,0,4.031000000075437,"""""",nn.Module: LlamaRotaryEmbedding_12,2.774000000092201,0.0,
1,0,587.6510000000708,0,64.61299999989569,"""""",profile.value_aware_token_selection.layer12,41.44900000013877,0.0,
1,0,0,0,467.4130000000587,"""""",profile.value_aware_token_selection.layer12,0,467.4130000000587,
1,0,89.72900000005029,0,145.60599999991246,"""""",nn.Module: Linear_233,2.0019999999785796,0.0,
1,0,226.03800000005867,0,43.87400000018533,"""""",nn.Module: LlamaRMSNorm_25,2.102000000071712,0.0,
1,0,384.9859999999171,0,1319.8669999999693,"""""",nn.Module: LlamaMLP_12,1.8679999999003485,0.0,
1,0,341.0649999999441,0,1319.8669999999693,"""""",profile.layer12.prefill.mlp,33.34600000001956,0.0,
1,0,89.65600000007544,0,398.83299999998417,"""""",nn.Module: Linear_234,1.5050000000046566,0.0,
1,0,0,0,1323.4830000000075,"""""",profile.layer12.prefill.mlp,0,1323.4830000000075,
1,0,31.493000000016764,0,16.000999999931082,"""""",nn.Module: SiLU_12,1.6410000000614673,0.0,
1,0,57.29300000006333,0,509.4309999999823,"""""",nn.Module: Linear_235,1.3510000000242144,0.0,
1,0,68.8190000000177,0,367.0570000000298,"""""",nn.Module: Linear_236,1.8250000000698492,0.0,
1,0,3325.0259999999544,0,2253.220000000205,"""""",nn.Module: LlamaDecoderLayer_13,3.5540000000037253,0.0,
1,0,3253.155000000028,0,2253.220000000205,"""""",profile.layer13.prefill,25.803000000072643,0.0,
1,0,229.60499999998137,0,42.49900000006892,"""""",nn.Module: LlamaRMSNorm_26,1.640999999945052,0.0,
1,0,0,0,4048.4370000000345,"""""",profile.layer13.prefill,0,4048.4370000000345,
1,0,2297.6959999999963,0,943.0790000001434,"""""",nn.Module: VisiPrunerLlamaAttention_13,2.922000000020489,0.0,
1,0,2257.0860000000102,0,943.0790000001434,"""""",profile.layer13.prefill.attn,31.661000000080094,0.0,
1,0,83.84600000001956,0,145.41499999992084,"""""",nn.Module: Linear_237,1.6149999999906868,0.0,
1,0,0,0,2280.133999999962,"""""",profile.layer13.prefill.attn,0,2280.133999999962,
1,0,58.30500000005122,0,144.74200000008568,"""""",nn.Module: Linear_238,1.4570000000530854,0.0,
1,0,55.76699999999255,0,144.67700000002515,"""""",nn.Module: Linear_239,1.6239999999525025,0.0,
1,0,285.2489999999525,0,4.09699999995064,"""""",nn.Module: LlamaRotaryEmbedding_13,2.681999999913387,0.0,
1,0,566.0770000000484,0,64.44999999983702,"""""",profile.value_aware_token_selection.layer13,40.48199999995995,0.0,
1,0,0,0,459.76500000001397,"""""",profile.value_aware_token_selection.layer13,0,459.76500000001397,
1,0,93.50500000000466,0,145.3190000000177,"""""",nn.Module: Linear_240,2.018000000040047,0.0,
1,0,216.74399999994785,0,42.78499999991618,"""""",nn.Module: LlamaRMSNorm_27,2.06899999990128,0.0,
1,0,385.42700000002515,0,1206.7770000000019,"""""",nn.Module: LlamaMLP_13,1.859000000054948,0.0,
1,0,343.07299999997485,0,1206.7770000000019,"""""",profile.layer13.prefill.mlp,31.53899999987334,0.0,
1,0,91.79599999997299,0,398.2270000000717,"""""",nn.Module: Linear_241,1.7010000000009313,0.0,
1,0,0,0,1210.5829999999842,"""""",profile.layer13.prefill.mlp,0,1210.5829999999842,
1,0,32.40200000000186,0,15.48899999994319,"""""",nn.Module: SiLU_13,1.6639999999897555,0.0,
1,0,59.54899999999907,0,397.10600000002887,"""""",nn.Module: Linear_242,1.4380000000819564,0.0,
1,0,69.00400000007357,0,367.15399999998044,"""""",nn.Module: Linear_243,1.7140000000363216,0.0,
1,0,3833.177000000025,0,2228.869999999646,"""""",nn.Module: LlamaDecoderLayer_14,3.3460000000195578,0.0,
1,0,3765.423999999999,0,2228.869999999646,"""""",profile.layer14.prefill,26.697999999974854,0.0,
1,0,237.20899999991525,0,41.633999999961816,"""""",nn.Module: LlamaRMSNorm_28,2.090999999898486,0.0,
1,0,0,0,4492.233000000007,"""""",profile.layer14.prefill,0,4492.233000000007,
1,0,2674.5939999999246,0,920.971999999485,"""""",nn.Module: VisiPrunerLlamaAttention_14,3.4259999999776483,0.0,
1,0,2630.484999999986,0,920.971999999485,"""""",profile.layer14.prefill.attn,33.72299999999814,0.0,
1,0,113.50399999995716,0,145.92699999990873,"""""",nn.Module: Linear_244,1.8219999999273568,0.0,
1,0,0,0,2622.8369999999413,"""""",profile.layer14.prefill.attn,0,2622.8369999999413,
1,0,78.39300000004005,0,144.93399999989197,"""""",nn.Module: Linear_245,1.7320000000763685,0.0,
1,0,55.96400000003632,0,144.71099999989383,"""""",nn.Module: Linear_246,1.5290000000968575,0.0,
1,0,331.08499999996275,0,4.09499999997206,"""""",nn.Module: LlamaRotaryEmbedding_14,2.930999999982305,0.0,
1,0,584.3300000000745,0,64.73800000001211,"""""",profile.value_aware_token_selection.layer14,40.93700000003446,0.0,
1,0,0,0,479.3179999999702,"""""",profile.value_aware_token_selection.layer14,0,479.3179999999702,
1,0,97.59299999999348,0,144.6480000000447,"""""",nn.Module: Linear_247,2.1170000000856817,0.0,
1,0,219.99900000006892,0,43.810000000172295,"""""",nn.Module: LlamaRMSNorm_29,2.0609999999869615,0.0,
1,0,512.2090000000317,0,1205.4300000000512,"""""",nn.Module: LlamaMLP_14,1.7680000000400469,0.0,
1,0,464.4079999999376,0,1205.4300000000512,"""""",profile.layer14.prefill.mlp,42.03599999984726,0.0,
1,0,77.99300000001676,0,398.8969999999972,"""""",nn.Module: Linear_248,1.4920000000856817,0.0,
1,0,0,0,1209.3660000000382,"""""",profile.layer14.prefill.mlp,0,1209.3660000000382,
1,0,31.69900000002235,0,15.361000000033528,"""""",nn.Module: SiLU_14,1.6300000000046566,0.0,
1,0,70.57099999999627,0,394.60999999998603,"""""",nn.Module: Linear_249,1.9399999999441206,0.0,
1,0,65.88500000000931,0,367.5370000000112,"""""",nn.Module: Linear_250,1.58199999993667,0.0,
1,0,3302.774999999907,0,2250.846999999718,"""""",nn.Module: LlamaDecoderLayer_15,3.181999999913387,0.0,
1,0,3236.4670000000624,0,2250.846999999718,"""""",profile.layer15.prefill,27.003000000026077,0.0,
1,0,235.60899999993853,0,42.30600000009872,"""""",nn.Module: LlamaRMSNorm_30,1.709000000031665,0.0,
1,0,0,0,4089.9749999999767,"""""",profile.layer15.prefill,0,4089.9749999999767,
1,0,2284.1809999999823,0,940.0679999995045,"""""",nn.Module: VisiPrunerLlamaAttention_15,2.8339999999152496,0.0,
1,0,2242.390999999945,0,940.0679999995045,"""""",profile.layer15.prefill.attn,32.529999999911524,0.0,
1,0,86.53300000005402,0,145.79899999988265,"""""",nn.Module: Linear_251,1.752000000094995,0.0,
1,0,0,0,2261.6049999999814,"""""",profile.layer15.prefill.attn,0,2261.6049999999814,
1,0,60.872999999905005,0,145.34999999997672,"""""",nn.Module: Linear_252,1.6679999998304993,0.0,
1,0,53.75399999995716,0,144.48499999986961,"""""",nn.Module: Linear_253,1.5339999999850988,0.0,
1,0,286.7939999999944,0,4.512999999918975,"""""",nn.Module: LlamaRotaryEmbedding_15,2.45699999993667,0.0,
1,0,575.3669999999693,0,64.57800000009593,"""""",profile.value_aware_token_selection.layer15,42.163999999989755,0.0,
1,0,0,0,469.173000000068,"""""",profile.value_aware_token_selection.layer15,0,469.173000000068,
1,0,88.64199999999255,0,144.4539999999106,"""""",nn.Module: Linear_254,2.3479999999981374,0.0,
1,0,219.875,0,42.56100000021979,"""""",nn.Module: LlamaRMSNorm_31,2.1520000000018626,0.0,
1,0,379.59900000004563,0,1207.8310000000056,"""""",nn.Module: LlamaMLP_15,1.8890000000828877,0.0,
1,0,336.3320000000531,0,1207.8310000000056,"""""",profile.layer15.prefill.mlp,32.70800000010058,0.0,
1,0,80.47299999999814,0,398.13000000000466,"""""",nn.Module: Linear_255,1.6809999999823049,0.0,
1,0,0,0,1211.6389999999665,"""""",profile.layer15.prefill.mlp,0,1211.6389999999665,
1,0,31.256999999983236,0,15.457000000053085,"""""",nn.Module: SiLU_15,1.5890000000363216,0.0,
1,0,67.22100000001956,0,397.29799999995157,"""""",nn.Module: Linear_256,1.4009999999543652,0.0,
1,0,65.44799999997485,0,367.50500000000466,"""""",nn.Module: Linear_257,1.7609999999403954,0.0,
1,0,3638.125,0,2339.5959999996703,"""""",nn.Module: LlamaDecoderLayer_16,3.449999999953434,0.0,
1,0,3571.1269999999786,0,2339.5959999996703,"""""",profile.layer16.prefill,26.402000000001863,0.0,
1,0,235.84199999994598,0,41.66500000003725,"""""",nn.Module: LlamaRMSNorm_32,1.7820000000065193,0.0,
1,0,0,0,4436.486999999965,"""""",profile.layer16.prefill,0,4436.486999999965,
1,0,2625.944999999949,0,1032.2399999997579,"""""",nn.Module: VisiPrunerLlamaAttention_16,2.947999999858439,0.0,
1,0,2571.3800000000047,0,1032.2399999997579,"""""",profile.layer16.prefill.attn,34.50799999991432,0.0,
1,0,93.54899999999907,0,144.74199999996927,"""""",nn.Module: Linear_258,1.7699999999022111,0.0,
1,0,0,0,2582.9949999999953,"""""",profile.layer16.prefill.attn,0,2582.9949999999953,
1,0,146.86100000003353,0,144.83799999998882,"""""",nn.Module: Linear_259,1.7410000000381842,0.0,
1,0,57.714999999967404,0,144.55099999997765,"""""",nn.Module: Linear_260,1.6089999999385327,0.0,
1,0,210.28800000005867,0,4.095999999786727,"""""",nn.Module: LlamaRotaryEmbedding_16,2.5960000000195578,0.0,
1,0,621.4689999999246,0,176.55099999997765,"""""",profile.value_aware_token_selection.layer16,42.279999999911524,0.0,
1,0,0,0,505.17399999999907,"""""",profile.value_aware_token_selection.layer16,0,505.17399999999907,
1,0,107.69499999994878,0,145.86200000008103,"""""",nn.Module: Linear_261,2.131999999866821,0.0,
1,0,218.02000000001863,0,43.77900000009686,"""""",nn.Module: LlamaRMSNorm_33,2.1080000000074506,0.0,
1,0,373.49499999999534,0,1204.8229999998584,"""""",nn.Module: LlamaMLP_16,1.937999999965541,0.0,
1,0,330.5219999999972,0,1204.8229999998584,"""""",profile.layer16.prefill.mlp,31.663999999989755,0.0,
1,0,78.81400000001304,0,396.8179999999702,"""""",nn.Module: Linear_262,1.7190000000409782,0.0,
1,0,0,0,1208.5659999999916,"""""",profile.layer16.prefill.mlp,0,1208.5659999999916,
1,0,30.290000000037253,0,15.904999999911524,"""""",nn.Module: SiLU_16,1.4890000000596046,0.0,
1,0,57.19699999992736,0,396.1779999999562,"""""",nn.Module: Linear_263,1.7469999998575076,0.0,
1,0,72.49100000003818,0,367.11999999999534,"""""",nn.Module: Linear_264,1.724999999976717,0.0,
1,0,3516.3159999999916,0,2249.440999999875,"""""",nn.Module: LlamaDecoderLayer_17,3.3549999999813735,0.0,
1,0,3447.6909999999916,0,2249.440999999875,"""""",profile.layer17.prefill,26.773000000044703,0.0,
1,0,248.7730000000447,0,42.71999999997206,"""""",nn.Module: LlamaRMSNorm_34,2.1250000001164153,0.0,
1,0,0,0,4209.885000000009,"""""",profile.layer17.prefill,0,4209.885000000009,
1,0,2377.774999999907,0,937.9929999999003,"""""",nn.Module: VisiPrunerLlamaAttention_17,3.165999999968335,0.0,
1,0,2333.4150000000373,0,937.9929999999003,"""""",profile.layer17.prefill.attn,34.176000000094064,0.0,
1,0,101.25499999988824,0,147.14300000004005,"""""",nn.Module: Linear_265,1.8629999998956919,0.0,
1,0,0,0,2337.863999999943,"""""",profile.layer17.prefill.attn,0,2337.863999999943,
1,0,67.34400000004098,0,143.17399999999907,"""""",nn.Module: Linear_266,1.75,0.0,
1,0,57.65599999995902,0,143.2709999999497,"""""",nn.Module: Linear_267,1.375,0.0,
1,0,273.8760000000475,0,4.127999999909662,"""""",nn.Module: LlamaRotaryEmbedding_17,2.5450000000419095,0.0,
1,0,590.4919999999693,0,65.09000000020023,"""""",profile.value_aware_token_selection.layer17,42.89799999992829,0.0,
1,0,0,0,474.6450000000186,"""""",profile.value_aware_token_selection.layer17,0,474.6450000000186,
1,0,91.31499999994412,0,144.51900000008754,"""""",nn.Module: Linear_268,2.3619999998481944,0.0,
1,0,225.95200000004843,0,43.20100000000093,"""""",nn.Module: LlamaRMSNorm_35,2.363000000012107,0.0,
1,0,473.783000000054,0,1207.5420000000158,"""""",nn.Module: LlamaMLP_17,1.9960000000428408,0.0,
1,0,430.0999999999767,0,1207.5420000000158,"""""",profile.layer17.prefill.mlp,35.18700000003446,0.0,
1,0,77.88199999998324,0,398.64199999999255,"""""",nn.Module: Linear_269,1.7239999999292195,0.0,
1,0,0,0,1211.2219999999506,"""""",profile.layer17.prefill.mlp,0,1211.2219999999506,
1,0,30.771000000066124,0,15.809000000008382,"""""",nn.Module: SiLU_17,1.5620000001508743,0.0,
1,0,64.09299999999348,0,396.68900000001304,"""""",nn.Module: Linear_270,1.3379999999888241,0.0,
1,0,163.56499999994412,0,367.50399999995716,"""""",nn.Module: Linear_271,1.7739999999757856,0.0,
1,0,4021.0960000000196,0,2250.3750000004657,"""""",nn.Module: LlamaDecoderLayer_18,3.309000000008382,0.0,
1,0,3955.951000000001,0,2250.3750000004657,"""""",profile.layer18.prefill,27.679000000003725,0.0,
1,0,248.79200000001583,0,41.633000000263564,"""""",nn.Module: LlamaRMSNorm_36,2.018999999971129,0.0,
1,0,0,0,4770.550000000047,"""""",profile.layer18.prefill,0,4770.550000000047,
1,0,2934.1049999999814,0,941.6770000003744,"""""",nn.Module: VisiPrunerLlamaAttention_18,2.878999999957159,0.0,
1,0,2891.7429999999003,0,941.6770000003744,"""""",profile.layer18.prefill.attn,34.8849999998929,0.0,
1,0,85.77799999993294,0,146.0229999999283,"""""",nn.Module: Linear_272,1.6579999999376014,0.0,
1,0,0,0,2909.6340000000782,"""""",profile.layer18.prefill.attn,0,2909.6340000000782,
1,0,66.61300000001211,0,144.5820000001695,"""""",nn.Module: Linear_273,1.521000000066124,0.0,
1,0,55.188000000081956,0,145.22199999995064,"""""",nn.Module: Linear_274,1.3380000001052395,0.0,
1,0,287.89399999997113,0,4.064000000129454,"""""",nn.Module: LlamaRotaryEmbedding_18,2.9570000000530854,0.0,
1,0,923.8179999999702,0,83.49500000011176,"""""",profile.value_aware_token_selection.layer18,45.92000000004191,0.0,
1,0,0,0,810.1490000000922,"""""",profile.value_aware_token_selection.layer18,0,810.1490000000922,
1,0,90.01399999996647,0,6.3360000000102445,"""""",torch/functional.py(1685): norm,31.69599999987986,0.0,
1,0,57.239000000059605,0,6.3360000000102445,"""""",<built-in function linalg_vector_norm>,30.66600000008475,0.0,
24,0,17.332999999984168,0,0,"""""",<built-in method numel of Tensor object at 0x7146fb5c4640>,17.332999999984168,0,
1,0,94.30099999997765,0,144.51800000004005,"""""",nn.Module: Linear_275,2.715000000083819,0.0,
1,0,235.08499999996275,0,44.54499999980908,"""""",nn.Module: LlamaRMSNorm_37,2.4899999999906868,0.0,
1,0,412.18499999993946,0,1205.494999999879,"""""",nn.Module: LlamaMLP_18,1.9799999999813735,0.0,
1,0,363.8040000000037,0,1205.494999999879,"""""",profile.layer18.prefill.mlp,43.42399999999907,0.0,
1,0,80.94599999999627,0,397.7139999999199,"""""",nn.Module: Linear_276,1.7369999999646097,0.0,
1,0,0,0,1209.9099999999162,"""""",profile.layer18.prefill.mlp,0,1209.9099999999162,
1,0,31.106999999959953,0,15.744999999995343,"""""",nn.Module: SiLU_18,1.6209999999264255,0.0,
1,0,70.30900000000838,0,395.2820000000065,"""""",nn.Module: Linear_277,1.4830000000074506,0.0,
1,0,75.38100000005215,0,367.50500000000466,"""""",nn.Module: Linear_278,1.6509999999543652,0.0,
2,0,0,0,3.7440000000642613,"""""","void at::native::(anonymous namespace)::CatArrayBatchedCopy_vectorized<at::native::(anonymous namespace)::OpaqueType<2u>, unsigned int, 2, 128, 1, 16, 8>(char*, at::native::(anonymous namespace)::CatArrInputTensorMetadata<at::native::(anonymous namespace)::OpaqueType<2u>, unsigned int, 128, 1>, at::native::(anonymous namespace)::TensorSizeStride<unsigned int, 4u>, int, unsigned int)",0,3.7440000000642613,
2,0,0,0,3.8080000000772998,"""""","void at::native::(anonymous namespace)::CatArrayBatchedCopy_contig<at::native::(anonymous namespace)::OpaqueType<8u>, unsigned int, 2, 128, 1>(at::native::(anonymous namespace)::OpaqueType<8u>*, at::native::(anonymous namespace)::CatArrInputTensorMetadata<at::native::(anonymous namespace)::OpaqueType<8u>, unsigned int, 128, 1>, at::native::(anonymous namespace)::TensorSizeStride<unsigned int, 4u>, int, unsigned int)",0,3.8080000000772998,
1,0,15216.410999999964,0,772.4609999998938,"""""",nn.Module: LlamaDecoderLayer_19,4.5640000000130385,0.0,
1,0,15134.605999999912,0,772.4609999998938,"""""",profile.layer19.prefill,32.65899999986868,0.0,
1,0,256.09900000004563,0,18.914000000222586,"""""",nn.Module: LlamaRMSNorm_38,2.2210000000195578,0.0,
1,0,0,0,15036.768999999971,"""""",profile.layer19.prefill,0,15036.768999999971,
1,0,3341.2440000000643,0,282.70899999979883,"""""",nn.Module: VisiPrunerLlamaAttention_19,3.4880000001285225,0.0,
1,0,3294.167999999947,0,282.70899999979883,"""""",profile.layer19.prefill.attn,35.54700000002049,0.0,
1,0,139.50899999996182,0,43.80900000000838,"""""",nn.Module: Linear_279,2.099000000045635,0.0,
1,0,0,0,3154.6689999999944,"""""",profile.layer19.prefill.attn,0,3154.6689999999944,
52,0,0,0,2253.925000000396,"""""",ampere_fp16_s16816gemm_fp16_64x64_ldg8_f2f_stages_64x5_tn,0,2253.925000000396,
1,0,65.59199999994598,0,47.875,"""""",nn.Module: Linear_280,1.7609999999403954,0.0,
1,0,60.62100000004284,0,50.497999999905005,"""""",nn.Module: Linear_281,1.5949999999720603,0.0,
1,0,132.64899999997579,0,4.0989999999292195,"""""",nn.Module: LlamaRotaryEmbedding_19,2.6679999999469146,0.0,
9,0,0,0,40.73799999989569,"""""",void cutlass::Kernel2<cutlass_80_wmma_tensorop_f16_s161616gemm_f16_32x32_128x2_tn_align2>(cutlass_80_wmma_tensorop_f16_s161616gemm_f16_32x32_128x2_tn_align2::Params),0,40.73799999989569,
13,0,0,0,24.576999999932013,"""""","void (anonymous namespace)::softmax_warp_forward<c10::Half, float, float, 6, false, false, 32>(float*, c10::Half const*, int, int, int, bool const*, int, bool)",0,24.576999999932013,
9,0,0,0,21.952999999630265,"""""",void cutlass::Kernel2<cutlass_80_wmma_tensorop_f16_s161616gemm_f16_32x32_32x1_nn_align2>(cutlass_80_wmma_tensorop_f16_s161616gemm_f16_32x32_32x1_nn_align2::Params),0,21.952999999630265,
14,0,0,0,16.192000000039116,"""""","void at::native::vectorized_elementwise_kernel<2, at::native::CUDAFunctor_add<long>, std::array<char*, 3ul> >(int, at::native::CUDAFunctor_add<long>, std::array<char*, 3ul>)",0,16.192000000039116,
1,0,709.9269999999087,0,37.02799999981653,"""""",profile.value_aware_token_selection.layer19,46.82199999992736,0.0,
1,0,0,0,598.8429999999935,"""""",profile.value_aware_token_selection.layer19,0,598.8429999999935,
1,0,95.57600000000093,0,41.15399999998044,"""""",nn.Module: Linear_282,2.4579999999841675,0.0,
1,0,229.24699999997392,0,18.819000000017695,"""""",nn.Module: LlamaRMSNorm_39,2.2959999999729916,0.0,
1,0,11148.073000000091,0,447.92299999983516,"""""",nn.Module: LlamaMLP_19,2.277000000118278,0.0,
1,0,11096.184000000008,0,447.92299999983516,"""""",profile.layer19.prefill.mlp,59.603000000002794,0.0,
1,0,112.81499999994412,0,112.9639999999199,"""""",nn.Module: Linear_283,1.9179999999469146,0.0,
1,0,0,0,10865.98999999999,"""""",profile.layer19.prefill.mlp,0,10865.98999999999,
1,0,34.03200000000652,0,2.2399999999906868,"""""",nn.Module: SiLU_19,1.8490000000456348,0.0,
1,0,72.82799999997951,0,107.26899999997113,"""""",nn.Module: Linear_284,1.5459999999729916,0.0,
1,0,10740.261999999988,0,222.66599999996834,"""""",nn.Module: Linear_285,3.0359999999636784,0.0,
13,0,0,0,1393.0880000001052,"""""",ampere_fp16_s16816gemm_fp16_128x64_ldg8_f2f_stages_64x3_tn,0,1393.0880000001052,
13,0,1957.4420000001555,0,111.33299999998417,"""""",cudaLaunchKernelExC,1916.7370000001974,0.0,
13,0,0,0,33.474000000045635,"""""","void cublasLt::splitKreduce_kernel<32, 16, int, __half, __half, float, __half, false, __half, __half, __half, true, false, false, false>(cublasLt::cublasSplitKParams<float>, __half const*, __half const*, __half*, __half*, float const*, float const*, __half const*, __half const*, __half*, void*, long, float*, int*, float*, float*, float const*, float const*, float const*, float const*, float const*)",0,33.474000000045635,
13,0,0,0,14.464999999850988,"""""","void at::native::vectorized_elementwise_kernel<2, at::native::CUDAFunctorOnOther_add<long>, std::array<char*, 2ul> >(int, at::native::CUDAFunctorOnOther_add<long>, std::array<char*, 2ul>)",0,14.464999999850988,
1,0,4217.655000000028,0,643.2280000000028,"""""",nn.Module: LlamaDecoderLayer_20,5.134000000078231,0.0,
1,0,4123.734999999986,0,643.2280000000028,"""""",profile.layer20.prefill,35.21799999999348,0.0,
1,0,276.15299999993294,0,19.232999999891035,"""""",nn.Module: LlamaRMSNorm_40,2.781999999890104,0.0,
1,0,0,0,4061.9740000000456,"""""",profile.layer20.prefill,0,4061.9740000000456,
1,0,2758.7089999999152,0,264.2990000001155,"""""",nn.Module: VisiPrunerLlamaAttention_20,3.427999999956228,0.0,
1,0,2707.246000000043,0,264.2990000001155,"""""",profile.layer20.prefill.attn,38.978000000002794,0.0,
1,0,137.05400000000373,0,41.506000000052154,"""""",nn.Module: Linear_286,2.3240000000223517,0.0,
1,0,0,0,2566.3230000000913,"""""",profile.layer20.prefill.attn,0,2566.3230000000913,
1,0,64.64000000001397,0,44.353999999933876,"""""",nn.Module: Linear_287,1.784999999916181,0.0,
1,0,179.99699999997392,0,46.3070000000298,"""""",nn.Module: Linear_288,1.700999999884516,0.0,
1,0,154.9770000000717,0,4.097999999881722,"""""",nn.Module: LlamaRotaryEmbedding_20,3.5100000001257285,0.0,
1,0,712.9419999999227,0,36.574999999953434,"""""",profile.value_aware_token_selection.layer20,53.10699999995995,0.0,
1,0,0,0,587.8020000000251,"""""",profile.value_aware_token_selection.layer20,0,587.8020000000251,
1,0,95.07600000000093,0,41.73100000002887,"""""",nn.Module: Linear_289,2.3610000000335276,0.0,
1,0,490.47100000001956,0,19.361000000033528,"""""",nn.Module: LlamaRMSNorm_41,2.6899999999441206,0.0,
1,0,455.1230000000214,0,336.5590000000084,"""""",nn.Module: LlamaMLP_20,2.474000000045635,0.0,
1,0,403.1790000000037,0,336.5590000000084,"""""",profile.layer20.prefill.mlp,49.87100000004284,0.0,
1,0,103.39500000001863,0,115.14099999994505,"""""",nn.Module: Linear_290,1.8009999999776483,0.0,
1,0,0,0,360.7530000000261,"""""",profile.layer20.prefill.mlp,0,360.7530000000261,
1,0,40.5910000000149,0,1.9839999999385327,"""""",nn.Module: SiLU_20,1.665999999968335,0.0,
1,0,72.23499999998603,0,107.7170000000624,"""""",nn.Module: Linear_291,1.4110000000800937,0.0,
1,0,70.94599999999627,0,109.06100000010338,"""""",nn.Module: Linear_292,1.606000000028871,0.0,
1,0,3590.4710000000196,0,668.3500000004424,"""""",nn.Module: LlamaDecoderLayer_21,3.7179999999934807,0.0,
1,0,3509.841999999946,0,668.3500000004424,"""""",profile.layer21.prefill,27.110999999917112,0.0,
1,0,253.7619999999879,0,19.136999999987893,"""""",nn.Module: LlamaRMSNorm_42,2.196999999927357,0.0,
1,0,0,0,3476.283000000054,"""""",profile.layer21.prefill,0,3476.283000000054,
1,0,2472.3349999999627,0,289.16800000017975,"""""",nn.Module: VisiPrunerLlamaAttention_21,3.7330000000074506,0.0,
1,0,2426.0,0,289.16800000017975,"""""",profile.layer21.prefill.attn,35.50099999993108,0.0,
1,0,91.26500000001397,0,43.04199999989942,"""""",nn.Module: Linear_293,1.771999999997206,0.0,
1,0,0,0,2333.4159999999683,"""""",profile.layer21.prefill.attn,0,2333.4159999999683,
1,0,66.48300000000745,0,44.35300000011921,"""""",nn.Module: Linear_294,1.7269999999552965,0.0,
1,0,57.97099999990314,0,45.47299999999814,"""""",nn.Module: Linear_295,1.5199999999022111,0.0,
1,0,139.37199999997392,0,4.096000000135973,"""""",nn.Module: LlamaRotaryEmbedding_21,2.8639999999431893,0.0,
1,0,640.1959999999963,0,36.837999999988824,"""""",profile.value_aware_token_selection.layer21,45.572999999974854,0.0,
1,0,0,0,529.9759999999078,"""""",profile.value_aware_token_selection.layer21,0,529.9759999999078,
1,0,90.12899999995716,0,41.25,"""""",nn.Module: Linear_296,2.1459999999497086,0.0,
1,0,225.30799999996088,0,19.070999999996275,"""""",nn.Module: LlamaRMSNorm_43,1.9989999999525025,0.0,
1,0,433.43900000001304,0,337.1660000003176,"""""",nn.Module: LlamaMLP_21,2.0010000000474975,0.0,
1,0,389.70000000006985,0,337.1660000003176,"""""",profile.layer21.prefill.mlp,41.3660000001546,0.0,
1,0,91.10800000000745,0,114.81999999994878,"""""",nn.Module: Linear_297,1.759000000078231,0.0,
1,0,0,0,373.3610000000335,"""""",profile.layer21.prefill.mlp,0,373.3610000000335,
1,0,49.661000000080094,0,1.9520000000484288,"""""",nn.Module: SiLU_21,1.7800000000279397,0.0,
1,0,77.07200000004377,0,108.29300000017975,"""""",nn.Module: Linear_298,5.831000000005588,0.0,
1,0,66.23300000000745,0,109.47700000007171,"""""",nn.Module: Linear_299,1.8140000000130385,0.0,
1,0,3675.1970000000438,0,642.1399999995483,"""""",nn.Module: LlamaDecoderLayer_22,3.581000000005588,0.0,
1,0,3595.8150000000605,0,642.1399999995483,"""""",profile.layer22.prefill,28.393000000040047,0.0,
1,0,240.84700000006706,0,19.10400000005029,"""""",nn.Module: LlamaRMSNorm_44,2.0330000000540167,0.0,
1,0,0,0,3540.6059999999125,"""""",profile.layer22.prefill,0,3540.6059999999125,
1,0,2346.957999999984,0,264.68299999961164,"""""",nn.Module: VisiPrunerLlamaAttention_22,2.9219999999040738,0.0,
1,0,2303.305000000051,0,264.68299999961164,"""""",profile.layer22.prefill.attn,35.0679999999702,0.0,
1,0,88.8410000000149,0,43.00900000007823,"""""",nn.Module: Linear_300,1.8240000000223517,0.0,
1,0,0,0,2213.4430000000866,"""""",profile.layer22.prefill.attn,0,2213.4430000000866,
1,0,71.30900000000838,0,44.76999999990221,"""""",nn.Module: Linear_301,1.5640000000130385,0.0,
1,0,57.36399999994319,0,45.154999999911524,"""""",nn.Module: Linear_302,1.7079999999841675,0.0,
1,0,131.5580000000773,0,4.096000000135973,"""""",nn.Module: LlamaRotaryEmbedding_22,2.612000000081025,0.0,
1,0,623.3120000000345,0,36.609999999636784,"""""",profile.value_aware_token_selection.layer22,45.13500000000931,0.0,
1,0,0,0,513.8469999999506,"""""",profile.value_aware_token_selection.layer22,0,513.8469999999506,
1,0,92.81599999999162,0,41.474000000045635,"""""",nn.Module: Linear_303,2.2989999999990687,0.0,
1,0,443.17299999995157,0,19.10600000002887,"""""",nn.Module: LlamaRMSNorm_45,2.493000000016764,0.0,
1,0,435.4290000000037,0,335.5349999999162,"""""",nn.Module: LlamaMLP_22,2.2700000000186265,0.0,
1,0,387.82500000006985,0,335.5349999999162,"""""",profile.layer22.prefill.mlp,35.86900000006426,0.0,
1,0,91.37199999997392,0,113.95600000000559,"""""",nn.Module: Linear_304,1.9629999999888241,0.0,
1,0,0,0,352.88000000000466,"""""",profile.layer22.prefill.mlp,0,352.88000000000466,
1,0,39.0910000000149,0,1.9849999999860302,"""""",nn.Module: SiLU_22,1.987000000081025,0.0,
1,0,68.7390000000596,0,107.87699999997858,"""""",nn.Module: Linear_305,1.5600000000558794,0.0,
1,0,90.52299999992829,0,108.90099999995437,"""""",nn.Module: Linear_306,1.8449999999720603,0.0,
1,0,3490.692000000039,0,642.1090000002878,"""""",nn.Module: LlamaDecoderLayer_23,3.7030000000959262,0.0,
1,0,3419.2069999999367,0,642.1090000002878,"""""",profile.layer23.prefill,28.162999999825843,0.0,
1,0,236.50900000007823,0,19.169000000110827,"""""",nn.Module: LlamaRMSNorm_46,1.896000000066124,0.0,
1,0,0,0,3393.816000000108,"""""",profile.layer23.prefill,0,3393.816000000108,
1,0,2433.4919999999693,0,264.4610000002431,"""""",nn.Module: VisiPrunerLlamaAttention_23,3.0270000000018626,0.0,
1,0,2390.7970000000205,0,264.4610000002431,"""""",profile.layer23.prefill.attn,33.2510000000475,0.0,
1,0,85.8430000001099,0,42.81800000008661,"""""",nn.Module: Linear_307,1.7950000001583248,0.0,
1,0,0,0,2305.639000000083,"""""",profile.layer23.prefill.attn,0,2305.639000000083,
1,0,62.36099999991711,0,44.162000000011176,"""""",nn.Module: Linear_308,1.88599999982398,0.0,
1,0,171.6390000000829,0,45.37799999990966,"""""",nn.Module: Linear_309,1.6880000000819564,0.0,
1,0,144.69900000002235,0,4.0640000000130385,"""""",nn.Module: LlamaRotaryEmbedding_23,2.8299999999580905,0.0,
1,0,608.7870000000112,0,36.64100000052713,"""""",profile.value_aware_token_selection.layer23,45.81400000001304,0.0,
1,0,0,0,498.9670000000624,"""""",profile.value_aware_token_selection.layer23,0,498.9670000000624,
1,0,90.01400000008289,0,41.31400000001304,"""""",nn.Module: Linear_310,2.3720000000903383,0.0,
1,0,230.98700000008103,0,18.815999999875203,"""""",nn.Module: LlamaRMSNorm_47,1.837000000057742,0.0,
1,0,397.9629999999888,0,335.8869999999879,"""""",nn.Module: LlamaMLP_23,1.875,0.0,
1,0,353.1360000000568,0,335.8869999999879,"""""",profile.layer23.prefill.mlp,34.489000000059605,0.0,
1,0,88.6260000000475,0,113.60600000002887,"""""",nn.Module: Linear_311,1.8060000000987202,0.0,
1,0,0,0,349.61599999992177,"""""",profile.layer23.prefill.mlp,0,349.61599999992177,
1,0,32.60699999995995,0,1.9520000000484288,"""""",nn.Module: SiLU_23,1.765999999945052,0.0,
1,0,71.85399999993388,0,107.52399999997579,"""""",nn.Module: Linear_312,1.4179999998304993,0.0,
1,0,64.73600000003353,0,109.98899999994319,"""""",nn.Module: Linear_313,1.7730000000447035,0.0,
1,0,3616.348999999929,0,647.872000000556,"""""",nn.Module: LlamaDecoderLayer_24,3.634999999892898,0.0,
1,0,3545.8940000000875,0,647.872000000556,"""""",profile.layer24.prefill,26.71500000008382,0.0,
1,0,231.98400000005495,0,19.168999999994412,"""""",nn.Module: LlamaRMSNorm_48,1.9550000000745058,0.0,
1,0,0,0,3503.4529999999795,"""""",profile.layer24.prefill,0,3503.4529999999795,
1,0,2295.5080000000307,0,264.6860000004526,"""""",nn.Module: VisiPrunerLlamaAttention_24,2.9480000000912696,0.0,
1,0,2253.5179999999236,0,264.6860000004526,"""""",profile.layer24.prefill.attn,33.02699999988545,0.0,
1,0,85.32700000004843,0,43.10699999995995,"""""",nn.Module: Linear_314,1.8970000001136214,0.0,
1,0,0,0,2170.1450000000186,"""""",profile.layer24.prefill.attn,0,2170.1450000000186,
1,0,64.0559999999823,0,43.23400000017136,"""""",nn.Module: Linear_315,1.6510000000707805,0.0,
1,0,55.06999999994878,0,46.05000000016298,"""""",nn.Module: Linear_316,1.4959999999264255,0.0,
1,0,132.36700000008568,0,4.128000000026077,"""""",nn.Module: LlamaRotaryEmbedding_24,2.59900000016205,0.0,
1,0,626.4440000000177,0,36.54399999976158,"""""",profile.value_aware_token_selection.layer24,43.51300000003539,0.0,
1,0,0,0,512.4379999999655,"""""",profile.value_aware_token_selection.layer24,0,512.4379999999655,
1,0,92.1929999999702,0,41.82600000011735,"""""",nn.Module: Linear_317,2.1790000000037253,0.0,
1,0,408.40200000000186,0,19.233000000123866,"""""",nn.Module: LlamaRMSNorm_49,2.1730000000679865,0.0,
1,0,490.1929999999702,0,341.00800000003073,"""""",nn.Module: LlamaMLP_24,2.2399999999906868,0.0,
1,0,444.16700000001583,0,341.00800000003073,"""""",profile.layer24.prefill.mlp,34.491999999969266,0.0,
1,0,93.99800000002142,0,113.76500000001397,"""""",nn.Module: Linear_318,1.7199999999720603,0.0,
1,0,0,0,415.9869999999646,"""""",profile.layer24.prefill.mlp,0,415.9869999999646,
1,0,39.86999999999534,0,1.952999999979511,"""""",nn.Module: SiLU_24,1.6670000000158325,0.0,
1,0,142.48300000000745,0,108.48499999998603,"""""",nn.Module: Linear_319,1.5690000000176951,0.0,
1,0,69.51500000001397,0,113.76500000001397,"""""",nn.Module: Linear_320,1.7589999999618158,0.0,
1,0,3402.430000000051,0,708.7059999998892,"""""",nn.Module: LlamaDecoderLayer_25,3.337000000057742,0.0,
1,0,3333.201000000001,0,708.7059999998892,"""""",profile.layer25.prefill,27.044999999925494,0.0,
1,0,263.24700000009034,0,19.13800000003539,"""""",nn.Module: LlamaRMSNorm_50,1.7640000000828877,0.0,
1,0,0,0,3283.091000000015,"""""",profile.layer25.prefill,0,3283.091000000015,
1,0,2321.810000000056,0,268.4960000003921,"""""",nn.Module: VisiPrunerLlamaAttention_25,3.2280000001192093,0.0,
1,0,2276.613999999943,0,268.4960000003921,"""""",profile.layer25.prefill.attn,34.5669999999227,0.0,
1,0,88.39500000001863,0,42.59400000004098,"""""",nn.Module: Linear_321,1.8390000000363216,0.0,
1,0,0,0,2190.1780000000726,"""""",profile.layer25.prefill.attn,0,2190.1780000000726,
1,0,67.08400000003166,0,43.714999999967404,"""""",nn.Module: Linear_322,1.684000000008382,0.0,
1,0,54.74499999999534,0,45.89099999994505,"""""",nn.Module: Linear_323,1.5069999999832362,0.0,
1,0,138.4220000000205,0,4.096000000135973,"""""",nn.Module: LlamaRotaryEmbedding_25,2.668999999994412,0.0,
1,0,624.1659999999683,0,36.64300000027288,"""""",profile.value_aware_token_selection.layer25,45.47299999988172,0.0,
1,0,0,0,515.9270000000251,"""""",profile.value_aware_token_selection.layer25,0,515.9270000000251,
1,0,93.80099999997765,0,45.79400000011083,"""""",nn.Module: Linear_324,2.174999999930151,0.0,
1,0,218.35999999998603,0,86.59599999978673,"""""",nn.Module: LlamaRMSNorm_51,2.10999999998603,0.0,
1,0,407.2719999999972,0,330.60499999974854,"""""",nn.Module: LlamaMLP_25,2.0520000000251457,0.0,
1,0,364.6290000000736,0,330.60499999974854,"""""",profile.layer25.prefill.mlp,33.64300000004005,0.0,
1,0,99.72199999995064,0,107.875,"""""",nn.Module: Linear_325,1.6199999999953434,0.0,
1,0,0,0,344.1110000000335,"""""",profile.layer25.prefill.mlp,0,344.1110000000335,
1,0,33.38800000003539,0,1.9839999999385327,"""""",nn.Module: SiLU_25,1.7800000000279397,0.0,
1,0,66.97999999998137,0,108.00499999988824,"""""",nn.Module: Linear_326,1.4369999999180436,0.0,
1,0,70.21299999998882,0,110.02099999994971,"""""",nn.Module: Linear_327,1.7639999999664724,0.0,
1,0,3702.96399999992,0,643.1630000006407,"""""",nn.Module: LlamaDecoderLayer_26,3.500999999931082,0.0,
1,0,3631.7759999999544,0,643.1630000006407,"""""",profile.layer26.prefill,27.972999999998137,0.0,
1,0,221.07400000002235,0,19.169000000227243,"""""",nn.Module: LlamaRMSNorm_52,1.9649999999674037,0.0,
1,0,0,0,3603.169000000111,"""""",profile.layer26.prefill,0,3603.169000000111,
1,0,2431.3289999999106,0,263.9790000000503,"""""",nn.Module: VisiPrunerLlamaAttention_26,3.090999999898486,0.0,
1,0,2389.6889999998966,0,263.9790000000503,"""""",profile.layer26.prefill.attn,34.30599999986589,0.0,
1,0,92.36100000003353,0,42.754000000073574,"""""",nn.Module: Linear_328,1.8190000000176951,0.0,
1,0,0,0,2289.957999999984,"""""",profile.layer26.prefill.attn,0,2289.957999999984,
1,0,84.97200000006706,0,43.20199999993201,"""""",nn.Module: Linear_329,1.8550000000977889,0.0,
1,0,56.84600000001956,0,46.49800000002142,"""""",nn.Module: Linear_330,1.4830000000074506,0.0,
1,0,131.18500000005588,0,4.065000000060536,"""""",nn.Module: LlamaRotaryEmbedding_26,2.719000000040978,0.0,
1,0,696.6899999999441,0,36.482999999658205,"""""",profile.value_aware_token_selection.layer26,45.86199999996461,0.0,
1,0,0,0,587.2900000000373,"""""",profile.value_aware_token_selection.layer26,0,587.2900000000373,
1,0,100.2280000000028,0,41.2170000000624,"""""",nn.Module: Linear_331,2.790000000037253,0.0,
1,0,425.1599999999162,0,19.16800000006333,"""""",nn.Module: LlamaRMSNorm_53,2.5509999999776483,0.0,
1,0,428.63200000009965,0,337.13500000024214,"""""",nn.Module: LlamaMLP_26,2.4970000000903383,0.0,
1,0,379.73100000002887,0,337.13500000024214,"""""",profile.layer26.prefill.mlp,40.097000000067055,0.0,
1,0,92.23399999993853,0,113.22100000001956,"""""",nn.Module: Linear_332,1.7319999999599531,0.0,
1,0,0,0,361.58400000003166,"""""",profile.layer26.prefill.mlp,0,361.58400000003166,
1,0,32.57500000006985,0,1.984000000054948,"""""",nn.Module: SiLU_26,1.7510000001639128,0.0,
1,0,78.28099999995902,0,108.67700000014156,"""""",nn.Module: Linear_333,1.7499999998835847,0.0,
1,0,67.93699999991804,0,110.24499999999534,"""""",nn.Module: Linear_334,1.9999999998835847,0.0,
1,0,3369.6300000000047,0,641.4640000002692,"""""",nn.Module: LlamaDecoderLayer_27,3.793999999994412,0.0,
1,0,3297.7069999999367,0,641.4640000002692,"""""",profile.layer27.prefill,28.405999999959022,0.0,
1,0,230.91599999996834,0,19.134999999892898,"""""",nn.Module: LlamaRMSNorm_54,1.724999999976717,0.0,
1,0,0,0,3281.106000000029,"""""",profile.layer27.prefill,0,3281.106000000029,
1,0,2329.9290000000037,0,263.9150000005029,"""""",nn.Module: VisiPrunerLlamaAttention_27,3.125999999931082,0.0,
1,0,2286.1429999999236,0,263.9150000005029,"""""",profile.layer27.prefill.attn,36.69599999987986,0.0,
1,0,86.50300000002608,0,42.84999999997672,"""""",nn.Module: Linear_335,1.7700000000186265,0.0,
1,0,0,0,2191.5540000000037,"""""",profile.layer27.prefill.attn,0,2191.5540000000037,
1,0,65.42499999993015,0,45.12200000009034,"""""",nn.Module: Linear_336,1.6209999999264255,0.0,
1,0,59.73100000002887,0,44.48200000007637,"""""",nn.Module: Linear_337,1.6190000000642613,0.0,
1,0,132.84600000001956,0,4.161000000080094,"""""",nn.Module: LlamaRotaryEmbedding_27,2.8570000000763685,0.0,
1,0,615.7430000000168,0,36.67099999997299,"""""",profile.value_aware_token_selection.layer27,45.83900000003632,0.0,
1,0,0,0,506.487000000081,"""""",profile.value_aware_token_selection.layer27,0,506.487000000081,
1,0,105.76400000008289,0,41.0580000000773,"""""",nn.Module: Linear_338,2.79300000006333,0.0,
1,0,214.3640000000596,0,18.84699999995064,"""""",nn.Module: LlamaRMSNorm_55,2.1850000000558794,0.0,
1,0,394.47199999995064,0,335.5989999999292,"""""",nn.Module: LlamaMLP_27,1.9469999999273568,0.0,
1,0,351.36899999994785,0,335.5989999999292,"""""",profile.layer27.prefill.mlp,33.63500000000931,0.0,
1,0,95.23300000000745,0,113.31700000003912,"""""",nn.Module: Linear_339,1.924000000115484,0.0,
1,0,0,0,347.15099999995437,"""""",profile.layer27.prefill.mlp,0,347.15099999995437,
1,0,31.75399999995716,0,1.9519999999320135,"""""",nn.Module: SiLU_27,1.6779999999562278,0.0,
1,0,64.5899999999674,0,107.81299999996554,"""""",nn.Module: Linear_340,1.5029999999096617,0.0,
1,0,62.6820000000298,0,109.50899999996182,"""""",nn.Module: Linear_341,1.6890000000130385,0.0,
1,0,3086.2369999999646,0,605.7569999998668,"""""",nn.Module: LlamaDecoderLayer_28,4.1049999999813735,0.0,
1,0,3013.4070000000065,0,605.7569999998668,"""""",profile.layer28.prefill,29.9670000000624,0.0,
1,0,227.5229999999283,0,18.27199999988079,"""""",nn.Module: LlamaRMSNorm_56,1.8859999999403954,0.0,
1,0,0,0,2955.5890000000363,"""""",profile.layer28.prefill,0,2955.5890000000363,
1,0,1955.8660000000382,0,231.01899999950547,"""""",nn.Module: VisiPrunerLlamaAttention_28,2.924000000115484,0.0,
1,0,1904.9400000000605,0,231.01899999950547,"""""",profile.layer28.prefill.attn,41.320999999996275,0.0,
1,0,118.37099999992643,0,42.786000000080094,"""""",nn.Module: Linear_342,1.6869999999180436,0.0,
1,0,0,0,1778.3190000000177,"""""",profile.layer28.prefill.attn,0,1778.3190000000177,
1,0,67.97100000001956,0,44.51399999996647,"""""",nn.Module: Linear_343,1.5410000000847504,0.0,
1,0,55.01500000001397,0,45.0590000001248,"""""",nn.Module: Linear_344,1.5730000000912696,0.0,
1,0,138.1700000000419,0,4.127999999909662,"""""",nn.Module: LlamaRotaryEmbedding_28,2.874000000068918,0.0,
4,0,0,0,9.983999999822117,"""""",void cutlass::Kernel2<cutlass_80_wmma_tensorop_f16_s161616gemm_f16_32x32_128x2_tn_align8>(cutlass_80_wmma_tensorop_f16_s161616gemm_f16_32x32_128x2_tn_align8::Params),0,9.983999999822117,
4,0,0,0,9.152000000001863,"""""",void cutlass::Kernel2<cutlass_80_wmma_tensorop_f16_s161616gemm_f16_32x32_64x1_nn_align8>(cutlass_80_wmma_tensorop_f16_s161616gemm_f16_32x32_64x1_nn_align8::Params),0,9.152000000001863,
1,0,94.43800000008196,0,41.633000000030734,"""""",nn.Module: Linear_345,3.311000000103377,0.0,
1,0,235.7970000000205,0,18.4330000000773,"""""",nn.Module: LlamaRMSNorm_57,2.5540000000037253,0.0,
1,0,460.59900000004563,0,334.2240000003949,"""""",nn.Module: LlamaMLP_28,1.9360000001033768,0.0,
1,0,411.83700000005774,0,334.2240000003949,"""""",profile.layer28.prefill.mlp,37.55200000014156,0.0,
1,0,105.88199999998324,0,111.94100000010803,"""""",nn.Module: Linear_346,1.8149999999441206,0.0,
1,0,0,0,362.96100000001024,"""""",profile.layer28.prefill.mlp,0,362.96100000001024,
1,0,32.88200000009965,0,1.9200000000419095,"""""",nn.Module: SiLU_28,1.6670000001322478,0.0,
1,0,83.81800000008661,0,108.06900000013411,"""""",nn.Module: Linear_347,1.3769999999785796,0.0,
1,0,89.15599999995902,0,109.67000000004191,"""""",nn.Module: Linear_348,1.7820000000065193,0.0,
1,0,2921.4930000000168,0,601.4070000001229,"""""",nn.Module: LlamaDecoderLayer_29,3.812000000034459,0.0,
1,0,2846.9220000000205,0,601.4070000001229,"""""",profile.layer29.prefill,29.0,0.0,
1,0,248.2359999999171,0,18.464999999967404,"""""",nn.Module: LlamaRMSNorm_58,1.8189999999012798,0.0,
1,0,0,0,2818.0139999999665,"""""",profile.layer29.prefill,0,2818.0139999999665,
1,0,1673.6870000000345,0,226.6689999999944,"""""",nn.Module: VisiPrunerLlamaAttention_29,3.311000000103377,0.0,
1,0,1626.3969999999972,0,226.6689999999944,"""""",profile.layer29.prefill.attn,39.021999999997206,0.0,
1,0,91.88000000000466,0,42.88099999981932,"""""",nn.Module: Linear_349,2.0230000000447035,0.0,
1,0,0,0,1532.1319999999832,"""""",profile.layer29.prefill.attn,0,1532.1319999999832,
1,0,82.20699999993667,0,44.417999999946915,"""""",nn.Module: Linear_350,1.622999999905005,0.0,
1,0,56.60800000000745,0,44.60999999998603,"""""",nn.Module: Linear_351,1.5019999999785796,0.0,
1,0,131.37799999990966,0,4.065000000176951,"""""",nn.Module: LlamaRotaryEmbedding_29,2.853999999933876,0.0,
1,0,90.44900000002235,0,42.690000000060536,"""""",nn.Module: Linear_352,2.4610000000102445,0.0,
1,0,393.51699999999255,0,18.659000000101514,"""""",nn.Module: LlamaRMSNorm_59,2.4179999999469146,0.0,
1,0,404.94800000009127,0,333.9980000000214,"""""",nn.Module: LlamaMLP_29,2.1800000000512227,0.0,
1,0,357.9910000000382,0,333.9980000000214,"""""",profile.layer29.prefill.mlp,33.63000000000466,0.0,
1,0,89.35000000009313,0,113.28399999986868,"""""",nn.Module: Linear_353,1.8550000000977889,0.0,
1,0,0,0,345.2949999999255,"""""",profile.layer29.prefill.mlp,0,345.2949999999255,
1,0,31.585000000079162,0,1.9200000000419095,"""""",nn.Module: SiLU_29,1.615000000107102,0.0,
1,0,70.40500000002794,0,108.13300000014715,"""""",nn.Module: Linear_354,1.5540000000037253,0.0,
1,0,65.35999999998603,0,108.03699999989476,"""""",nn.Module: Linear_355,1.656999999890104,0.0,
1,0,2801.2179999999935,0,605.5920000007609,"""""",nn.Module: LlamaDecoderLayer_30,3.7399999999906868,0.0,
1,0,2731.5179999999236,0,605.5920000007609,"""""",profile.layer30.prefill,26.49199999985285,0.0,
1,0,233.39199999999255,0,18.528999999980442,"""""",nn.Module: LlamaRMSNorm_60,1.9660000000149012,0.0,
1,0,0,0,2695.9599999999627,"""""",profile.layer30.prefill,0,2695.9599999999627,
1,0,1731.094000000041,0,233.32100000046194,"""""",nn.Module: VisiPrunerLlamaAttention_30,3.0290000000968575,0.0,
1,0,1686.3100000000559,0,233.32100000046194,"""""",profile.layer30.prefill.attn,40.739000000059605,0.0,
1,0,103.05400000000373,0,43.97100000001956,"""""",nn.Module: Linear_356,1.8149999999441206,0.0,
1,0,0,0,1596.7439999999478,"""""",profile.layer30.prefill.attn,0,1596.7439999999478,
1,0,61.77899999998044,0,44.19300000008661,"""""",nn.Module: Linear_357,1.7240000000456348,0.0,
1,0,60.101000000024214,0,44.99400000006426,"""""",nn.Module: Linear_358,1.6969999999273568,0.0,
1,0,134.02900000009686,0,4.128000000026077,"""""",nn.Module: LlamaRotaryEmbedding_30,2.6650000001536682,0.0,
1,0,169.89200000010896,0,45.56999999994878,"""""",nn.Module: Linear_359,2.6800000000512227,0.0,
1,0,224.74199999996927,0,18.336000000010245,"""""",nn.Module: LlamaRMSNorm_61,2.324999999953434,0.0,
1,0,421.4279999999562,0,331.2460000003921,"""""",nn.Module: LlamaMLP_30,2.0989999999292195,0.0,
1,0,376.3049999999348,0,331.2460000003921,"""""",profile.layer30.prefill.mlp,34.30299999983981,0.0,
1,0,96.05900000000838,0,111.68500000005588,"""""",nn.Module: Linear_360,1.7650000000139698,0.0,
1,0,0,0,353.00800000003073,"""""",profile.layer30.prefill.mlp,0,353.00800000003073,
1,0,37.567000000039116,0,1.9520000000484288,"""""",nn.Module: SiLU_30,1.5590000001247972,0.0,
1,0,73.00600000005215,0,106.59600000013597,"""""",nn.Module: Linear_361,1.509000000078231,0.0,
1,0,74.61199999996461,0,108.26100000017323,"""""",nn.Module: Linear_362,1.7650000000139698,0.0,
1,0,2680.240000000107,0,598.8080000001937,"""""",nn.Module: LlamaDecoderLayer_31,3.4850000001024455,0.0,
1,0,2607.5840000000317,0,598.8080000001937,"""""",profile.layer31.prefill,28.381999999983236,0.0,
1,0,228.9780000000028,0,18.496000000159256,"""""",nn.Module: LlamaRMSNorm_62,1.809999999939464,0.0,
1,0,0,0,2581.810999999987,"""""",profile.layer31.prefill,0,2581.810999999987,
1,0,1629.740000000107,0,226.44100000010803,"""""",nn.Module: VisiPrunerLlamaAttention_31,3.0480000000679865,0.0,
1,0,1585.2299999999814,0,226.44100000010803,"""""",profile.layer31.prefill.attn,39.63699999998789,0.0,
1,0,95.88099999993574,0,43.23399999993853,"""""",nn.Module: Linear_363,1.7949999999254942,0.0,
1,0,0,0,1485.9860000000335,"""""",profile.layer31.prefill.attn,0,1485.9860000000335,
1,0,64.0350000000326,0,44.32200000004377,"""""",nn.Module: Linear_364,1.7770000000018626,0.0,
1,0,56.15399999998044,0,45.28200000000652,"""""",nn.Module: Linear_365,1.5879999999888241,0.0,
1,0,137.70700000005309,0,4.447000000043772,"""""",nn.Module: LlamaRotaryEmbedding_31,2.6290000000735745,0.0,
1,0,84.4780000000028,0,41.28099999995902,"""""",nn.Module: Linear_366,2.761999999987893,0.0,
1,0,223.2060000000056,0,18.30399999988731,"""""",nn.Module: LlamaRMSNorm_63,2.506999999983236,0.0,
1,0,405.53000000002794,0,332.1110000000335,"""""",nn.Module: LlamaMLP_31,2.246000000042841,0.0,
1,0,359.84599999990314,0,332.1110000000335,"""""",profile.layer31.prefill.mlp,34.44499999983236,0.0,
1,0,85.35400000005029,0,112.29300000006333,"""""",nn.Module: Linear_367,1.5979999999981374,0.0,
1,0,0,0,356.39999999990687,"""""",profile.layer31.prefill.mlp,0,356.39999999990687,
1,0,40.59399999992456,0,1.9200000000419095,"""""",nn.Module: SiLU_31,1.5339999999850988,0.0,
1,0,74.37099999992643,0,107.01299999991897,"""""",nn.Module: Linear_368,1.4589999999152496,0.0,
1,0,65.10400000005029,0,108.29300000006333,"""""",nn.Module: Linear_369,1.8350000000791624,0.0,
1,0,225.67700000002515,0,18.625,"""""",nn.Module: LlamaRMSNorm_64,2.2360000000335276,0.0,
1,0,22.24800000002142,0,0,"""""",transformers/cache_utils.py(150): to_legacy_cache,17.822000000043772,0,
1,0,1.5869999999413267,0,0,"""""",transformers/cache_utils.py(88): __len__,1.3439999999245629,0,
1,0,117.13199999998324,0,312.49399999994785,"""""",nn.Module: Linear_370,3.0169999999925494,0.0,
1,0,40.243999999947846,0,5.695999999996275,"""""",<built-in method float of Tensor object at 0x7146fb631e50>,4.7950000000419095,0.0,
1,0,0.8220000000437722,0,0,"""""",transformers/generation/logits_process.py(71): __call__,0.8220000000437722,0,
1,0,6123.420000000042,0,15.74599999981001,"""""",<built-in method argmax of type object at 0x71495b359d60>,33.60000000009313,0.0,
1,0,6089.819999999949,0,15.74599999981001,"""""",aten::argmax,5056.859999999986,7.872999999905005,
1,0,0,0,7.872999999905005,"""""","void at::native::reduce_kernel<512, 1, at::native::ReduceOp<float, at::native::ArgMaxOps<float>, unsigned int, long, 4, 4> >(at::native::ReduceOp<float, at::native::ArgMaxOps<float>, unsigned int, long, 4, 4>)",0,7.872999999905005,
2,0,0,0,2.3359999998938292,"""""","void at::native::vectorized_elementwise_kernel<2, at::native::BinaryFunctor<long, long, long, at::native::binary_internal::MulFunctor<long> >, std::array<char*, 3ul> >(int, at::native::BinaryFunctor<long, long, long, at::native::binary_internal::MulFunctor<long> >, std::array<char*, 3ul>)",0,2.3359999998938292,
2,0,0,0,3.487999999895692,"""""","void at::native::(anonymous namespace)::CatArrayBatchedCopy_alignedK_contig<at::native::(anonymous namespace)::OpaqueType<8u>, unsigned int, 2, 128, 1, 16>(at::native::(anonymous namespace)::OpaqueType<8u>*, at::native::(anonymous namespace)::CatArrInputTensorMetadata<at::native::(anonymous namespace)::OpaqueType<8u>, unsigned int, 128, 1>, at::native::(anonymous namespace)::TensorSizeStride<unsigned int, 4u>, int, unsigned int)",0,3.487999999895692,
1,0,486.1160000000382,0,2.6249999998835847,"""""",transformers/generation/utils.py(600): _update_model_kwargs_for_generation,363.8369999999413,0.0,
1,0,2.3919999999925494,0,0,"""""",transformers/generation/utils.py(585): _extract_past_from_model_output,2.3919999999925494,0,
1,0,90.98800000001211,0,0.9609999998938292,"""""",<built-in method new_ones of Tensor object at 0x7146fb59e5d0>,38.631999999983236,0.0,
1,0,52.35600000002887,0,0.9609999998938292,"""""",aten::new_ones,10.765999999945052,0.0,
1,0,14.53900000010617,0,0,"""""",aten::new_empty,4.066000000108033,0,
1,0,208.2489999999525,0,1.0239999999757856,"""""",<built-in method tile of Tensor object at 0x7146fb5b6760>,12.72399999992922,0.0,
1,0,195.52500000002328,0,1.0239999999757856,"""""",aten::tile,6.618000000016764,0.0,
1,0,188.90700000000652,0,1.0239999999757856,"""""",aten::repeat,47.95499999995809,0.0,
2,0,7.358999999938533,0,0,"""""",aten::unfold,5.922999999951571,0,
1,0,62.89199999999255,0,2.5600000000558794,"""""",<built-in method ne of Tensor object at 0x7146fb5b68a0>,7.662999999942258,0.0,
1,0,55.22900000005029,0,2.5600000000558794,"""""",aten::ne,19.540999999968335,1.2800000000279397,
1,0,0,0,1.2800000000279397,"""""","void at::native::vectorized_elementwise_kernel<4, at::native::BinaryFunctor<long, long, bool, at::native::(anonymous namespace)::CompareEqFunctor<long> >, std::array<char*, 3ul> >(int, at::native::BinaryFunctor<long, long, bool, at::native::(anonymous namespace)::CompareEqFunctor<long> >, std::array<char*, 3ul>)",0,1.2800000000279397,
1,0,1276.045000000042,0,5.827000000048429,"""""",<built-in method prod of Tensor object at 0x7146fb5b7f70>,25.211000000010245,0.0,
1,0,1250.8340000000317,0,5.827000000048429,"""""",aten::prod,1165.1940000000177,2.1770000000251457,
1,0,0,0,2.1770000000251457,"""""",reduction_prod_kernel,0,2.1770000000251457,
1,0,35.12799999990966,0,1.0879999999888241,"""""",<built-in method mul of Tensor object at 0x7146fb5b6440>,9.296999999904074,0.0,
1,0,11109.570999999996,0,3.712000000057742,"""""",<built-in method max of Tensor object at 0x7146fb5b7f70>,25.130000000004657,0.0,
1,0,11084.440999999992,0,3.712000000057742,"""""",aten::max,9645.881999999867,1.856000000028871,
1,0,0,0,1.856000000028871,"""""","void at::native::reduce_kernel<512, 1, at::native::ReduceOp<long, at::native::func_wrapper_t<long, at::native::MaxNanFunctor<long> >, unsigned int, long, 4, 4> >(at::native::ReduceOp<long, at::native::func_wrapper_t<long, at::native::MaxNanFunctor<long> >, unsigned int, long, 4, 4>)",0,1.856000000028871,
1,0,20.17599999997765,0,0,"""""",transformers/generation/stopping_criteria.py(130): __call__,8.135999999940395,0,
2,0,9.379999999888241,0,0,"""""",transformers/generation/stopping_criteria.py(132): <genexpr>,5.590999999898486,0,
1,0,3.7889999999897555,0,0,"""""",transformers/generation/stopping_criteria.py(65): __call__,3.7889999999897555,0,
1,0,16.705000000074506,0,0,"""""",torch/autograd/grad_mode.py(293): __exit__,9.856000000028871,0,
1,0,6.849000000045635,0,0,"""""",<built-in method __exit__ of pybind11_builtins.pybind11_detail_function_record_v1_system_libstdcpp_gxx_abi_1xxx_use_cxx11_abi_1 object at 0x7147ab1ff150>,6.849000000045635,0,
1,0,585.8229999999749,0,1.1520000000018626,"""""",transformers/tokenization_utils_base.py(3726): decode,12.602999999886379,0.0,
1,0,179.4210000000894,0,1.1520000000018626,"""""",transformers/utils/generic.py(232): to_py_obj,15.130000000237487,0.0,
1,0,17.491999999969266,0,0,"""""",transformers/utils/generic.py(90): _get_frameworks_and_test_func,10.101000000024214,0,
1,0,6.143999999971129,0,0,"""""",transformers/utils/generic.py(74): infer_framework_from_repr,4.956000000005588,0,
1,0,109.16599999996834,0,1.1520000000018626,"""""",transformers/utils/generic.py(238): <lambda>,10.826000000000931,0.0,
1,0,9.771999999997206,0,0,"""""",<built-in method detach of Tensor object at 0x7146fb59e5d0>,4.949000000022352,0,
1,0,4.822999999974854,0,0,"""""",aten::detach,4.822999999974854,0,
1,0,75.122999999905,0,1.1520000000018626,"""""",<built-in method cpu of Tensor object at 0x7146fb5b6300>,10.194999999832362,0.0,
1,0,0,0,1.1520000000018626,"""""",profile.request,0,1.1520000000018626,
1,0,393.79899999999907,0,0,"""""",transformers/tokenization_utils.py(991): _decode,25.148000000277534,0,
1,0,249.66399999998976,0,0,"""""",transformers/tokenization_utils.py(953): convert_ids_to_tokens,11.834000000031665,0,
3,0,241.1239999998361,0,0,"""""",transformers/tokenization_utils_base.py(1344): all_special_ids,136.43499999982305,0,
1,0,22.49800000002142,0,0,"""""",transformers/models/llama/tokenization_llama.py(278): _convert_id_to_token,2.184999999939464,0,
1,0,10.467000000062399,0,0,"""""",sentencepiece/__init__.py(924): piece_size,1.2600000001257285,0,
1,0,9.20699999993667,0,0,"""""",sentencepiece/__init__.py(276): GetPieceSize,3.924999999930151,0,
1,0,5.282000000006519,0,0,"""""",<built-in function SentencePieceProcessor_GetPieceSize>,5.282000000006519,0,
1,0,5.032999999937601,0,0,"""""",sentencepiece/__init__.py(282): IdToPiece,2.049999999930151,0,
1,0,2.9830000000074506,0,0,"""""",<built-in function SentencePieceProcessor_IdToPiece>,2.9830000000074506,0,
1,0,1.3519999999552965,0,0,"""""",transformers/tokenization_utils_base.py(1107): additional_special_tokens,1.3519999999552965,0,
1,0,65.78700000001118,0,0,"""""",transformers/models/llama/tokenization_llama.py(283): convert_tokens_to_string,17.139000000082888,0,
1,0,25.265999999945052,0,0,"""""",sentencepiece/__init__.py(776): Decode,6.629999999888241,0,
1,0,18.156000000075437,0,0,"""""",sentencepiece/__init__.py(348): _DecodePieces,3.2820000001229346,0,
1,0,14.873999999952503,0,0,"""""",<built-in function SentencePieceProcessor__DecodePieces>,14.873999999952503,0,
3,0,40.96400000026915,0,0,"""""",torch/cuda/__init__.py(168): is_available,9.125000000116415,0,
3,0,4.341000000014901,0,0,"""""",torch/cuda/__init__.py(159): _is_compiled,2.5959999999031425,0,
3,0,25.594000000157394,0,0,"""""",torch/cuda/__init__.py(164): _nvml_based_avail,4.19800000009127,0,
3,0,21.396000000066124,0,0,"""""",<frozen os>(808): getenv,3.1250000001164153,0,
3,0,18.27099999994971,0,0,"""""",<frozen _collections_abc>(804): get,4.964999999850988,0,
3,0,13.30600000009872,0,0,"""""",<frozen os>(709): __getitem__,7.5480000000679865,0,
3,0,5.758000000030734,0,0,"""""",<frozen os>(791): encode,3.521000000066124,0,
3,0,1.9039999999804422,0,0,"""""",<built-in function _cuda_getDeviceCount>,1.9039999999804422,0,
2,0,135.4110000000801,0,0,"""""",torch/cuda/__init__.py(1171): synchronize,16.104999999981374,0,
4,0,8.086000000010245,0,0,"""""",torch/cuda/__init__.py(463): _lazy_init,3.2260000000242144,0,
4,0,4.85999999998603,0,0,"""""",torch/cuda/__init__.py(414): is_initialized,3.341999999829568,0,
4,0,1.5180000001564622,0,0,"""""",<built-in function _cuda_isInBadFork>,1.5180000001564622,0,
2,0,70.57800000009593,0,0,"""""",torch/cuda/__init__.py(612): __init__,5.057000000146218,0,
2,0,65.52099999994971,0,0,"""""",torch/cuda/_utils.py(557): _get_device_index,12.157999999821186,0,
2,0,51.396000000066124,0,0,"""""",torch/_utils.py(849): _get_device_index,9.140999999828637,0,
2,0,40.94100000010803,0,0,"""""",torch/_utils.py(823): _get_current_device_index,4.44800000009127,0,
2,0,36.493000000016764,0,0,"""""",torch/_utils.py(807): _get_device_attr,6.489999999990687,0,
2,0,16.70499999995809,0,0,"""""",torch/_utils.py(790): _get_available_device_type,1.629999999771826,0,
2,0,12.43100000009872,0,0,"""""",torch/_utils.py(825): <lambda>,1.956000000005588,0,
2,0,10.475000000093132,0,0,"""""",torch/cuda/__init__.py(1165): current_device,3.399000000092201,0,
2,0,4.7079999999841675,0,0,"""""",<built-in function _cuda_getDevice>,4.7079999999841675,0,
2,0,5.790999999968335,0,0,"""""",torch/cuda/__init__.py(616): __enter__,3.430999999982305,0,
2,0,2.35999999998603,0,0,"""""",<built-in function _cuda_exchangeDevice>,2.35999999998603,0,
2,0,15.846000000019558,0,0,"""""",<built-in function _cuda_synchronize>,5.233999999938533,0,
2,0,10.612000000081025,0,0,"""""",cudaDeviceSynchronize,10.612000000081025,0,
2,0,21.37300000002142,0,0,"""""",torch/cuda/__init__.py(619): __exit__,10.84499999997206,0,
2,0,1.8569999999599531,0,0,"""""",<built-in function _cuda_maybeExchangeDevice>,1.8569999999599531,0,
1,0,74.5580000000773,0,0,"""""",torch/profiler/profiler.py(930): __exit__,2.7070000000530854,0,
1,0,71.85100000002421,0,0,"""""",torch/profiler/profiler.py(944): stop,2.669999999925494,0,
1,0,69.18100000009872,0,0,"""""",torch/profiler/profiler.py(989): _transit_action,3.8399999999674037,0,
1,0,1.8829999999143183,0,0,"""""",enum.py(1266): __hash__,1.5609999999869615,0,
1,0,58.73100000002887,0,0,"""""",torch/profiler/profiler.py(326): stop_trace,4.108999999938533,0,
1,0,54.62200000009034,0,0,"""""",torch/autograd/profiler.py(410): __exit__,5.496999999973923,0,
1,0,7.7570000000996515,0,0,"""""",<built-in method _disable_profiler of pybind11_builtins.pybind11_detail_function_record_v1_system_libstdcpp_gxx_abi_1xxx_use_cxx11_abi_1 object at 0x7147ab1fec50>,7.7570000000996515,0,
