{
  "decode": {
    "q_proj": {
      "OPs": 33554432,
      "memory_access": 33570816.0,
      "arithmetic_intensity": 0.9995119570522206,
      "performance": 959531478770.1318,
      "bound": "memory",
      "load_weight": 33554432.0,
      "load_act": 8192.0,
      "store_act": 8192.0,
      "load_kv_cache": 0,
      "store_kv_cache": 0,
      "inference_time": 3.49696e-05
    },
    "k_proj": {
      "OPs": 33554432,
      "memory_access": 33570816.0,
      "arithmetic_intensity": 0.9995119570522206,
      "performance": 959531478770.1318,
      "bound": "memory",
      "load_weight": 33554432.0,
      "load_act": 8192.0,
      "store_act": 0,
      "load_kv_cache": 0,
      "store_kv_cache": 8192.0,
      "inference_time": 3.49696e-05
    },
    "v_proj": {
      "OPs": 33554432,
      "memory_access": 33570816.0,
      "arithmetic_intensity": 0.9995119570522206,
      "performance": 959531478770.1318,
      "bound": "memory",
      "load_weight": 33554432.0,
      "load_act": 8192.0,
      "store_act": 0,
      "load_kv_cache": 0,
      "store_kv_cache": 8192.0,
      "inference_time": 3.49696e-05
    },
    "out_proj": {
      "OPs": 33554432,
      "memory_access": 33570816.0,
      "arithmetic_intensity": 0.9995119570522206,
      "performance": 959531478770.1318,
      "bound": "memory",
      "load_weight": 33554432.0,
      "load_act": 8192.0,
      "store_act": 8192.0,
      "load_kv_cache": 0,
      "store_kv_cache": 0,
      "inference_time": 3.49696e-05
    },
    "gate_proj": {
      "OPs": 90177536,
      "memory_access": 90207744.0,
      "arithmetic_intensity": 0.9996651285282115,
      "performance": 959678523387.0831,
      "bound": "memory",
      "load_weight": 90177536.0,
      "load_act": 8192.0,
      "store_act": 22016.0,
      "load_kv_cache": 0,
      "store_kv_cache": 0,
      "inference_time": 9.396639999999999e-05
    },
    "up_proj": {
      "OPs": 90177536,
      "memory_access": 90207744.0,
      "arithmetic_intensity": 0.9996651285282115,
      "performance": 959678523387.0831,
      "bound": "memory",
      "load_weight": 90177536.0,
      "load_act": 8192.0,
      "store_act": 22016.0,
      "load_kv_cache": 0,
      "store_kv_cache": 0,
      "inference_time": 9.396639999999999e-05
    },
    "down_proj": {
      "OPs": 90177536,
      "memory_access": 90207744.0,
      "arithmetic_intensity": 0.9996651285282115,
      "performance": 959678523387.0831,
      "bound": "memory",
      "load_weight": 90177536.0,
      "load_act": 22016.0,
      "store_act": 8192.0,
      "load_kv_cache": 0,
      "store_kv_cache": 0,
      "inference_time": 9.396639999999999e-05
    },
    "qk_matmul": {
      "OPs": 393216,
      "memory_access": 404480.0,
      "arithmetic_intensity": 0.9721518987341772,
      "performance": 933265822784.81,
      "bound": "memory",
      "load_weight": 0,
      "load_act": 8192.0,
      "store_act": 3072.0,
      "load_kv_cache": 393216.0,
      "store_kv_cache": 0,
      "inference_time": 4.2133333333333335e-07
    },
    "sv_matmul": {
      "OPs": 393216,
      "memory_access": 404480.0,
      "arithmetic_intensity": 0.9721518987341772,
      "performance": 933265822784.81,
      "bound": "memory",
      "load_weight": 0,
      "load_act": 3072.0,
      "store_act": 8192.0,
      "load_kv_cache": 393216.0,
      "store_kv_cache": 0,
      "inference_time": 4.2133333333333335e-07
    },
    "softmax": {
      "OPs": 7680,
      "memory_access": 6144.0,
      "arithmetic_intensity": 1.25,
      "performance": 1200000000000.0,
      "bound": "memory",
      "load_weight": 0,
      "load_act": 3072.0,
      "store_act": 3072.0,
      "load_kv_cache": 0,
      "store_kv_cache": 0,
      "inference_time": 6.4e-09
    },
    "attn_norm": {
      "OPs": 28672,
      "memory_access": 16384.0,
      "arithmetic_intensity": 1.75,
      "performance": 1680000000000.0,
      "bound": "memory",
      "load_weight": 0,
      "load_act": 8192.0,
      "store_act": 8192.0,
      "load_kv_cache": 0,
      "store_kv_cache": 0,
      "inference_time": 1.7066666666666667e-08
    },
    "mlp_norm": {
      "OPs": 28672,
      "memory_access": 16384.0,
      "arithmetic_intensity": 1.75,
      "performance": 1680000000000.0,
      "bound": "memory",
      "load_weight": 0,
      "load_act": 8192.0,
      "store_act": 8192.0,
      "load_kv_cache": 0,
      "store_kv_cache": 0,
      "inference_time": 1.7066666666666667e-08
    },
    "attn_add": {
      "OPs": 4096,
      "memory_access": 16384.0,
      "arithmetic_intensity": 0.25,
      "performance": 240000000000.0,
      "bound": "memory",
      "load_weight": 0,
      "load_act": 8192.0,
      "store_act": 8192.0,
      "load_kv_cache": 0,
      "store_kv_cache": 0,
      "inference_time": 1.7066666666666667e-08
    },
    "mlp_add": {
      "OPs": 4096,
      "memory_access": 16384.0,
      "arithmetic_intensity": 0.25,
      "performance": 240000000000.0,
      "bound": "memory",
      "load_weight": 0,
      "load_act": 8192.0,
      "store_act": 8192.0,
      "load_kv_cache": 0,
      "store_kv_cache": 0,
      "inference_time": 1.7066666666666667e-08
    },
    "mlp_act": {
      "OPs": 8192,
      "memory_access": 24576.0,
      "arithmetic_intensity": 0.3333333333333333,
      "performance": 320000000000.0,
      "bound": "memory",
      "load_weight": 0,
      "load_act": 16384.0,
      "store_act": 8192.0,
      "load_kv_cache": 0,
      "store_kv_cache": 0,
      "inference_time": 2.56e-08
    },
    "lm_head": {
      "OPs": 131072000,
      "memory_access": 262216192.0,
      "arithmetic_intensity": 0.49986234259705825,
      "performance": 479867848893.1759,
      "bound": "memory",
      "load_weight": 262144000.0,
      "load_act": 8192.0,
      "store_act": 64000.0,
      "load_kv_cache": 0,
      "store_kv_cache": 0,
      "inference_time": 0.0002731418666666667
    }
  },
  "prefill": {
    "q_proj": {
      "OPs": 1610612736,
      "memory_access": 34340864.0,
      "arithmetic_intensity": 46.900763358778626,
      "performance": 45024732824427.484,
      "bound": "memory",
      "load_weight": 33554432.0,
      "load_act": 393216.0,
      "store_act": 393216.0,
      "load_kv_cache": 0,
      "store_kv_cache": 0,
      "inference_time": 3.577173333333333e-05
    },
    "k_proj": {
      "OPs": 1610612736,
      "memory_access": 34340864.0,
      "arithmetic_intensity": 46.900763358778626,
      "performance": 45024732824427.484,
      "bound": "memory",
      "load_weight": 33554432.0,
      "load_act": 393216.0,
      "store_act": 0,
      "load_kv_cache": 0,
      "store_kv_cache": 393216.0,
      "inference_time": 3.577173333333333e-05
    },
    "v_proj": {
      "OPs": 1610612736,
      "memory_access": 34340864.0,
      "arithmetic_intensity": 46.900763358778626,
      "performance": 45024732824427.484,
      "bound": "memory",
      "load_weight": 33554432.0,
      "load_act": 393216.0,
      "store_act": 0,
      "load_kv_cache": 0,
      "store_kv_cache": 393216.0,
      "inference_time": 3.577173333333333e-05
    },
    "out_proj": {
      "OPs": 1610612736,
      "memory_access": 34340864.0,
      "arithmetic_intensity": 46.900763358778626,
      "performance": 45024732824427.484,
      "bound": "memory",
      "load_weight": 33554432.0,
      "load_act": 393216.0,
      "store_act": 393216.0,
      "load_kv_cache": 0,
      "store_kv_cache": 0,
      "inference_time": 3.577173333333333e-05
    },
    "gate_proj": {
      "OPs": 4328521728,
      "memory_access": 91627520.0,
      "arithmetic_intensity": 47.24041126508717,
      "performance": 45350794814483.68,
      "bound": "memory",
      "load_weight": 90177536.0,
      "load_act": 393216.0,
      "store_act": 1056768.0,
      "load_kv_cache": 0,
      "store_kv_cache": 0,
      "inference_time": 9.544533333333334e-05
    },
    "up_proj": {
      "OPs": 4328521728,
      "memory_access": 91627520.0,
      "arithmetic_intensity": 47.24041126508717,