{
  "batch_size_per_gpu": 1,
  "seq_len": 48,
  "tp_size": 1,
  "ep_size": 1,
  "pp_size": 1,
  "num_tokens_to_generate": 33,
  "num_params_total": 6607343616.0,
  "num_params_total_mlp": 4328521728,
  "num_params_total_embedding": 131072000,
  "num_params_total_others": 2147749888.0,
  "num_active_params_total": 6607343616.0,
  "flops_efficiency": 1.0,
  "hbm_memory_efficiency": 1.0,
  "layernorm_dtype_bytes": 2,
  "use_kv_cache": true,
  "kv_cache_latency": 0.000110592,
  "kv_cache_memory_per_gpu": 42467328.0,
  "weight_memory_per_gpu": 13214687232.0,
  "weight_memory_embedding_per_gpu": 262144000.0,
  "prefill_activation_memory_per_gpu": 3072000.0,
  "prefill_max_batch_size_per_gpu": 12475,
  "prefill_num_flops_fwd_total": 635487387648.0,
  "decode_activation_memory_per_gpu": 64000.0,
  "decode_max_batch_size_per_gpu": 901,
  "decode_num_flops_fwd_total": 13214679040.0,
  "prefill_latency": 0.017445935627906976,
  "prefill_latency_fwd_attn": 0.005641557333333333,
  "prefill_latency_fwd_mlp": 0.011316224,
  "prefill_latency_fwd_layernorm": 6.5536e-05,
  "prefill_latency_fwd_tp_comm": 0,
  "prefill_latency_fwd_sharded_dp_comm": 0.0,
  "prefill_latency_fwd_input_embedding": 0.00034133333333333335,
  "prefill_latency_fwd_output_embedding_loss": 8.128496124031008e-05,
  "decode_latency": 0.017321522770025837,
  "decode_latency_fwd_attn": 0.005593429333333333,
  "decode_latency_fwd_mlp": 0.011273109333333333,
  "decode_latency_fwd_layernorm": 1.3653333333333333e-06,
  "decode_latency_fwd_tp_comm": 0,
  "decode_latency_fwd_sharded_dp_comm": 0.0,
  "decode_latency_fwd_input_embedding": 0.00034133333333333335,
  "decode_latency_fwd_output_embedding_loss": 1.69343669250646e-06,
  "total_decode_latency": 0.5716102514108526,
  "total_latency": 0.5890561870387596,
  "total_per_token_latency": 0.017850187486023017,
  "prefill_tokens_per_sec": 2751.357165574883,
  "decode_tokens_per_sec": 57.73164480264158,
  "total_tokens_per_sec": 56.02182054295038
}
